scenario,process,2017,2020,2025,2030,2035,2040,2045,2050,2055,2060
HDG65,ELC-CHP-OUT,8933.843369,11031.89277,9185.050201,2614.239729,,,,,,
HDG65,ELC-REN-SPV-OUT,6898.005873,19521.32096,42822.12924,192772.8904,353264.1768,395263.7063,314155.9297,328232.068,311395.1203,300304.9097
HDG65,ELC-REN-WND-OUT,2162.590627,3548.122285,19185.28806,35259.294,72795.17974,138629.1353,155239.47,97364.9275,109223.8808,120314.0914
HDG65,ELC11PP-ANS1E,4428.669988,2979.785302,2979.785302,,,,,,,
HDG65,ELC14PP-BSCTP1E,229808.272,228699.2526,174961.4616,5908.272254,,,,,,
HDG65,ELC14PP-BSCTP1N,,,42591.0556,,,,,,,
HDG65,ELC14PP-IGCC1E,1286.331115,2337.151658,2337.151658,789.9996709,,,,,,
HDG65,ELC51NGL-NGLCCwCHP1E,21251.71565,21251.71565,21251.71565,21251.71565,19914.31928,16251.41486,12588.51044,,,
HDG65,ELC51PP-NGLCC1E,92656.8095,82993.40305,65821.65452,157255.2939,117444.19,82618.81879,,,,
HDG65,ELC51PP-NGLCC1N,,14337.59812,41594.6416,104776.0393,60640.07029,5231.580656,,,,
HDG65,ELC51PP-NGLCCCC1N,,,,,,,,38793.34046,37761.05043,37761.05043
HDG65,ELC51PP-NGLCT1N,,,,4329.510209,,,,,,
HDG65,ELC62PP-NURAPR1N,,9631.717786,48158.58893,48158.58893,48158.58893,48158.58893,48158.58893,48158.58893,48158.58893,48158.58893
HDG65,ELC62PP-NUROPR1E,76905.34471,78429.70197,78429.70197,78429.70197,71549.90355,57790.30672,30271.11304,30271.11304,9631.717786,9631.717786
HDG65,ELC62PP-NURPWR1E,56329.79196,57446.3168,33367.02233,13759.59684,,,,,,
HDG65,ELC63PP-EUROPR1E,14699.79515,14445.39578,14445.39578,,,,,,,
HDG65,ELC64PP-GHY1E,2264.558089,2772.567527,2772.567527,2772.567527,2772.567527,2772.567527,2772.567527,2772.567527,2772.567527,2772.567527
HDG65,ELC65PP-PHY1E,,4186.046512,4186.046512,4186.046512,4186.046512,5148.893721,4186.046512,4186.046512,4186.046512,4186.046512
HDG65,ELC65PP-PHY1N,,,,445.324097,1603.166749,1971.916744,1603.166749,1603.166749,1603.166749,1603.166749
HDG65,ELC66PP-SHY04MW1E,7.373502813,6.222492837,6.222492837,6.222492837,6.222492837,6.222492837,6.222492837,6.222492837,6.222492837,6.222492837
HDG65,ELC66PP-SHY3MW1E,151.5552024,92.45572667,92.45572667,92.45572667,92.45572667,92.45572667,92.45572667,92.45572667,92.45572667,92.45572667
HDG65,ELC66PP-SHY3MW1N,,38.56192744,152.4948949,310.2482344,508.3163163,508.3163163,508.3163163,508.3163163,508.3163163,508.3163163
HDG65,ELC82PP-SPV1E,6898.005873,6898.005873,6898.005873,6898.005873,6697.848728,,,,,
HDG65,ELC82PP-SPV1N,,12623.31508,35924.12336,197788.9612,368278.6858,452611.244,502806.9155,502806.9155,502806.9155,502806.9155
HDG65,ELC83PP-BMS1E,3728.815687,3728.815687,3728.815687,3728.815687,3728.815687,3728.815687,3728.815687,3728.815687,3728.815687,3728.815687
HDG65,ELC83PP-BMS1N,,5035.258732,6174.588406,6875.71436,8628.529244,8628.529244,8628.529244,8628.529244,8628.529244,8628.529244
HDG65,ELC83PP-BMSLFG1E,,,,,,398.9580236,604.3355156,604.3355156,604.3355156,604.3355156
HDG65,ELC83PP-BMSLFG1N,604.3355156,604.3355156,604.3355156,604.3355156,604.3355156,604.3355156,604.3355156,604.3355156,604.3355156,604.3355156
HDG65,ELC89PP-WND1E,2162.590627,2299.06493,2526.522102,2753.979274,2753.979274,,,,,
HDG65,ELC89PP-WND1N,,321.7268945,10544.31253,13386.52268,54407.54351,54176.2056,54407.54351,54407.54351,54407.54351,54407.54351
HDG65,ELC89PP-WNDOFF1N,,927.3304605,6114.453421,24029.99838,27394.19816,118198.6253,118971.1618,118971.1618,118971.1618,118971.1618
HDG65,ELC90PP-MSW1E,686.9926559,1483.084718,1483.084718,1483.084718,1483.084718,1483.084718,1483.084718,1483.084718,1483.084718,1483.084718
HDG65,ELC90PP-MSWOFF1E,9346.957555,7603.00984,7603.00984,7603.00984,7603.00984,7603.00984,7603.00984,7603.00984,7603.00984,7603.00984
HDG65,ELC92PP-OCE1E,489.6934801,489.4823309,489.4823309,489.4823309,489.4823309,489.4823309,489.4823309,489.4823309,489.4823309,489.4823309
HDG65,ELC92PP-OCE1N,,1.928096372,1.928096372,1.928096372,1.928096372,1.928096372,1.928096372,1.928096372,1.928096372,1.928096372
HDG65,ELC93PP-HDGMCFC1E,1428.193567,1428.193567,1428.193567,1428.193567,1428.193567,1428.193567,1428.193567,1428.193567,1428.193567,1428.193567
HDG65,ELC93PP-HDGMCFC1N,,1418.377804,6424.417112,11332.29879,18203.33313,37834.85983,37834.85983,37834.85983,37834.85983,37834.85983
HDG65,ELC93PP-HDGT1N,,,,,,54422.78289,248636.9466,518081.347,536536.9466,536536.9466
HDG65,ELC99PP-LIB1N,,,,20284.86062,97081.40711,102024.738,23003.28018,27796.76341,,
HDG65,ELCHHT12ANK-CHP1E-I,2504.809641,5218.353419,5218.353419,1007.761573,,,,,,
HDG65,ELCHHT46PEC-CHP1E-I,108.3594725,225.7489011,225.7489011,,,,,,,
HDG65,ELCHHT47OPP-CHP1E-I,346.3585198,721.5802495,721.5802495,433.9530902,,,,,,
HDG65,ELCHLT27BKC-CHP1E-R,2767.104966,968.4867382,968.4867382,968.4867382,,,,,,
HDG65,ELCHLT51NGL-CHP1E-R,3207.210769,3897.723458,2050.880893,204.0383273,,,,,,
HDG65,IMP71ELC1E,,,,,,,80196.12539,33100,36932.63692,36932.63692
HDG68,ELC-CHP-OUT,8933.843369,11031.89277,9185.050201,2595.428686,,,,,,
HDG68,ELC-REN-SPV-OUT,6898.005873,19521.32096,42822.12924,194604.8274,356909.4291,390554.827,318567.4651,317842.1135,296897.7218,318672.6127
HDG68,ELC-REN-WND-OUT,2162.590627,3548.122285,19185.28806,34963.44996,73616.23626,139980.1937,159951.0326,122895.1453,134996.2772,113221.3863
HDG68,ELC11PP-ANS1E,4428.669988,2979.785302,2979.785302,,,,,,,
HDG68,ELC14PP-BSCTP1E,229808.272,228699.2526,174961.4616,5761.358842,,,,,,
HDG68,ELC14PP-BSCTP1N,,,42591.0556,,,,,,,
HDG68,ELC14PP-IGCC1E,1286.331115,2337.151658,2337.151658,789.9996709,,,,,,
HDG68,ELC51NGL-NGLCCwCHP1E,21251.71565,21251.71565,21251.71565,21251.71565,19914.31928,16251.41486,12588.51044,,,
HDG68,ELC51PP-NGLCC1E,92656.8095,81959.00754,64255.61839,157172.3622,112275.5011,78540.54076,,,,
HDG68,ELC51PP-NGLCC1N,,15371.99363,43160.67773,104626.1658,60663.27236,4164.762692,,,,
HDG68,ELC51PP-NGLCCCC1N,,,,,,,,39679.52153,37761.05043,37761.05043
HDG68,ELC51PP-NGLCT1N,,,,4216.399226,,,,,,
HDG68,ELC62PP-NURAPR1N,,9631.717786,48158.58893,48158.58893,48158.58893,48158.58893,48158.58893,48158.58893,48158.58893,48158.58893
HDG68,ELC62PP-NUROPR1E,76905.34471,78429.70197,78429.70197,78429.70197,71549.90355,57790.30672,30271.11304,30271.11304,9631.717786,9631.717786
HDG68,ELC62PP-NURPWR1E,56329.79196,57446.3168,33367.02233,13759.59684,,,,,,
HDG68,ELC63PP-EUROPR1E,14699.79515,14445.39578,14445.39578,,,,,,,
HDG68,ELC64PP-GHY1E,2264.558089,2772.567527,2772.567527,2772.567527,2772.567527,2772.567527,2772.567527,2772.567527,2772.567527,2772.567527
HDG68,ELC65PP-PHY1E,,4186.046512,4186.046512,4186.046512,4186.046512,5148.893721,4186.046512,4186.046512,4186.046512,4186.046512
HDG68,ELC65PP-PHY1N,,,,445.324097,1603.166749,1971.916744,1603.166749,1603.166749,1603.166749,1603.166749
HDG68,ELC66PP-SHY04MW1E,7.373502813,6.222492837,6.222492837,6.222492837,6.222492837,6.222492837,6.222492837,6.222492837,6.222492837,6.222492837
HDG68,ELC66PP-SHY3MW1E,151.5552024,92.45572667,92.45572667,92.45572667,92.45572667,92.45572667,92.45572667,92.45572667,92.45572667,92.45572667
HDG68,ELC66PP-SHY3MW1N,,38.56192744,152.4948949,310.2482344,508.3163163,508.3163163,508.3163163,508.3163163,508.3163163,508.3163163
HDG68,ELC82PP-SPV1E,6898.005873,6898.005873,6898.005873,6898.005873,6898.005873,,,,,
HDG68,ELC82PP-SPV1N,,12623.31508,35924.12336,198456.7794,372541.2382,445334.1587,502806.9155,502806.9155,502806.9155,502806.9155
HDG68,ELC83PP-BMS1E,3728.815687,3728.815687,3728.815687,3728.815687,3728.815687,3728.815687,3728.815687,3728.815687,3728.815687,3728.815687
HDG68,ELC83PP-BMS1N,,5035.258732,6174.588406,6875.71436,8628.529244,8628.529244,8628.529244,8628.529244,8628.529244,8628.529244
HDG68,ELC83PP-BMSLFG1E,,,,,,398.9580236,604.3355156,604.3355156,604.3355156,604.3355156
HDG68,ELC83PP-BMSLFG1N,604.3355156,604.3355156,604.3355156,604.3355156,604.3355156,604.3355156,604.3355156,604.3355156,604.3355156,604.3355156
HDG68,ELC89PP-WND1E,2162.590627,2299.06493,2526.522102,2753.979274,2753.979274,,,,,
HDG68,ELC89PP-WND1N,,321.7268945,10544.31253,13386.52268,54407.54351,53612.17113,54407.54351,54407.54351,54407.54351,54407.54351
HDG68,ELC89PP-WNDOFF1N,,927.3304605,6114.453421,24029.99838,27394.19816,117656.5302,118971.1618,118971.1618,118971.1618,118971.1618
HDG68,ELC90PP-MSW1E,686.9926559,1483.084718,1483.084718,1483.084718,1483.084718,1483.084718,1483.084718,1483.084718,1483.084718,1483.084718
HDG68,ELC90PP-MSWOFF1E,9346.957555,7603.00984,7603.00984,7603.00984,7603.00984,7603.00984,7603.00984,7603.00984,7603.00984,7603.00984
HDG68,ELC92PP-OCE1E,489.6934801,489.4823309,489.4823309,489.4823309,489.4823309,489.4823309,489.4823309,489.4823309,489.4823309,489.4823309
HDG68,ELC92PP-OCE1N,,1.928096372,1.928096372,1.928096372,1.928096372,1.928096372,1.928096372,1.928096372,1.928096372,1.928096372
HDG68,ELC93PP-HDGMCFC1E,1428.193567,1428.193567,1428.193567,1428.193567,1428.193567,1428.193567,1428.193567,1428.193567,1428.193567,1428.193567
HDG68,ELC93PP-HDGMCFC1N,,1418.377804,6424.417112,11332.29879,18203.33313,37834.85983,37834.85983,37834.85983,37834.85983,37834.85983
HDG68,ELC93PP-HDGT1N,,,,,,65165.30064,248636.9466,502237.9283,536536.9466,536536.9466
HDG68,ELC99PP-LIB1N,,,,20462.9428,91767.20565,97089.23126,28322.79326,30480.02668,,
HDG68,ELCHHT12ANK-CHP1E-I,2504.809641,5218.353419,5218.353419,988.95053,,,,,,
HDG68,ELCHHT46PEC-CHP1E-I,108.3594725,225.7489011,225.7489011,,,,,,,
HDG68,ELCHHT47OPP-CHP1E-I,346.3585198,721.5802495,721.5802495,433.9530902,,,,,,
HDG68,ELCHLT27BKC-CHP1E-R,2767.104966,968.4867382,968.4867382,968.4867382,,,,,,
HDG68,ELCHLT51NGL-CHP1E-R,3207.210769,3897.723458,2050.880893,204.0383273,,,,,,
HDG68,IMP71ELC1E,,,,,,,71967.45957,33100,25657.63898,25657.63898
HDG71,ELC-CHP-OUT,8933.843369,11031.89277,9185.050201,2634.971134,,,,,,
HDG71,ELC-REN-SPV-OUT,6898.005873,19521.32096,42822.12924,191990.5841,386860.0271,387066.8775,316156.1428,330102.7829,334553.0445,321818.0539
HDG71,ELC-REN-WND-OUT,2162.590627,3548.122285,19185.28806,35224.49349,74831.57772,165912.9369,167225.8121,124153.805,107663.1357,120398.1263
HDG71,ELC11PP-ANS1E,4428.669988,2979.785302,2979.785302,,,,,,,
HDG71,ELC14PP-BSCTP1E,229808.272,228699.2526,174961.4616,6282.956264,,,,,,
HDG71,ELC14PP-BSCTP1N,,,42591.0556,,,,,,,
HDG71,ELC14PP-IGCC1E,1286.331115,2337.151658,2337.151658,789.9996709,,,,,,
HDG71,ELC51NGL-NGLCCwCHP1E,21251.71565,21251.71565,21251.71565,21251.71565,19914.31928,16251.41486,12588.51044,,,
HDG71,ELC51PP-NGLCC1E,92656.8095,84972.39477,77600.62717,157709.4147,103390.5943,95163.13254,,,,
HDG71,ELC51PP-NGLCC1N,,11221.99411,30916.72762,105245.355,40781.36459,10753.55788,,,,
HDG71,ELC51PP-NGLCCCC1N,,,,,,,,40488.35418,37761.05043,37761.05043
HDG71,ELC51PP-NGLCT1N,,,,4333.157584,,,,,,
HDG71,ELC62PP-NURAPR1N,,9631.717786,48158.58893,48158.58893,48158.58893,48158.58893,48158.58893,48158.58893,48158.58893,48158.58893
HDG71,ELC62PP-NUROPR1E,76905.34471,78429.70197,78429.70197,78429.70197,71549.90355,57790.30672,30271.11304,30271.11304,9631.717786,9631.717786
HDG71,ELC62PP-NURPWR1E,56329.79196,57446.3168,33367.02233,13759.59684,,,,,,
HDG71,ELC63PP-EUROPR1E,14699.79515,14445.39578,14445.39578,,,,,,,
HDG71,ELC64PP-GHY1E,2264.558089,2772.567527,2772.567527,2772.567527,2772.567527,2772.567527,2772.567527,2772.567527,2772.567527,2772.567527
HDG71,ELC65PP-PHY1E,,4186.046512,4186.046512,4186.046512,4186.046512,5148.893721,4186.046512,4186.046512,4186.046512,4186.046512
HDG71,ELC65PP-PHY1N,,,,445.324097,1603.166749,1971.916744,1603.166749,1603.166749,1603.166749,1603.166749
HDG71,ELC66PP-SHY04MW1E,7.373502813,6.222492837,6.222492837,6.222492837,6.222492837,6.222492837,6.222492837,6.222492837,6.222492837,6.222492837
HDG71,ELC66PP-SHY3MW1E,151.5552024,92.45572667,92.45572667,92.45572667,92.45572667,92.45572667,92.45572667,92.45572667,92.45572667,92.45572667
HDG71,ELC66PP-SHY3MW1N,,38.56192744,152.4948949,310.2482344,508.3163163,508.3163163,508.3163163,508.3163163,508.3163163,508.3163163
HDG71,ELC82PP-SPV1E,6898.005873,6898.005873,6898.005873,6898.005873,6697.131699,,,,,
HDG71,ELC82PP-SPV1N,,12623.31508,35924.12336,196393.0839,403879.9656,454592.3726,502806.9155,502806.9155,502806.9155,502806.9155
HDG71,ELC83PP-BMS1E,3728.815687,3728.815687,3728.815687,3728.815687,3728.815687,3728.815687,3728.815687,3728.815687,3728.815687,3728.815687
HDG71,ELC83PP-BMS1N,,5035.258732,6174.588406,6875.71436,8628.529244,8628.529244,8628.529244,8628.529244,8628.529244,8628.529244
HDG71,ELC83PP-BMSLFG1E,,,,,405.2359382,398.9580236,604.3355156,604.3355156,604.3355156,604.3355156
HDG71,ELC83PP-BMSLFG1N,604.3355156,604.3355156,604.3355156,604.3355156,604.3355156,604.3355156,604.3355156,604.3355156,604.3355156,604.3355156
HDG71,ELC89PP-WND1E,2162.590627,2299.06493,2526.522102,2753.979274,2753.979274,,,,,
HDG71,ELC89PP-WND1N,,321.7268945,10544.31253,13386.52268,54304.12071,54149.46689,54407.54351,54407.54351,54407.54351,54407.54351
HDG71,ELC89PP-WNDOFF1N,,927.3304605,6114.453421,24029.99838,27394.19816,118800.5305,118971.1618,118971.1618,118971.1618,118971.1618
HDG71,ELC90PP-MSW1E,686.9926559,1483.084718,1483.084718,1483.084718,1483.084718,1483.084718,1483.084718,1483.084718,1483.084718,1483.084718
HDG71,ELC90PP-MSWOFF1E,9346.957555,7603.00984,7603.00984,7603.00984,7603.00984,7603.00984,7603.00984,7603.00984,7603.00984,7603.00984
HDG71,ELC92PP-OCE1E,489.6934801,489.4823309,489.4823309,489.4823309,489.4823309,489.4823309,489.4823309,489.4823309,489.4823309,489.4823309
HDG71,ELC92PP-OCE1N,,1.928096372,1.928096372,1.928096372,1.928096372,1.928096372,1.928096372,1.928096372,1.928096372,1.928096372
HDG71,ELC93PP-HDGMCFC1E,1428.193567,1428.193567,1428.193567,1428.193567,1428.193567,1428.193567,1428.193567,1428.193567,1428.193567,1428.193567
HDG71,ELC93PP-HDGMCFC1N,,1418.377804,6424.417112,11332.29879,18203.33313,37834.85983,37834.85983,37834.85983,37834.85983,37834.85983
HDG71,ELC93PP-HDGT1N,,,,,,21009.25787,248636.9466,487777.3686,536536.9466,536536.9466
HDG71,ELC99PP-LIB1N,,,,19764.64534,116798.5306,116869.3962,34426.80046,31148.15787,,
HDG71,ELCHHT12ANK-CHP1E-I,2504.809641,5218.353419,5218.353419,1028.492978,,,,,,
HDG71,ELCHHT46PEC-CHP1E-I,108.3594725,225.7489011,225.7489011,,,,,,,
HDG71,ELCHHT47OPP-CHP1E-I,346.3585198,721.5802495,721.5802495,433.9530902,,,,,,
HDG71,ELCHLT27BKC-CHP1E-R,2767.104966,968.4867382,968.4867382,968.4867382,,,,,,
HDG71,ELCHLT51NGL-CHP1E-R,3207.210769,3897.723458,2050.880893,204.0383273,,,,,,
HDG71,IMP71ELC1E,,,,,,,62585.8744,33100,15335.45778,15335.45778
HDG74,ELC-CHP-OUT,8933.843369,11031.89277,9185.050201,2828.951708,,,,,,
HDG74,ELC-REN-SPV-OUT,6898.005873,19521.32096,42822.12924,189415.243,380839.7944,405451.2426,329663.6481,358518.2028,310503.7452,328348.6023
HDG74,ELC-REN-WND-OUT,2162.590627,3548.122285,19185.28806,34982.36085,73030.99844,140999.9434,169498.6758,107280.649,141197.6826,123352.8254
HDG74,ELC11PP-ANS1E,4428.669988,2979.785302,2979.785302,,,,,,,
HDG74,ELC14PP-BSCTP1E,229808.272,228699.2526,174961.4616,7344.717994,,,,,,
HDG74,ELC14PP-BSCTP1N,,,42591.0556,,,,,,,
HDG74,ELC14PP-IGCC1E,1286.331115,2337.151658,2337.151658,1467.551907,,,,,,
HDG74,ELC51NGL-NGLCCwCHP1E,21251.71565,21251.71565,21251.71565,21251.71565,19914.31928,16251.41486,12588.51044,,,
HDG74,ELC51PP-NGLCC1E,92656.8095,81616.48487,66894.02525,157755.4346,106835.5382,94603.85545,,,,
HDG74,ELC51PP-NGLCC1N,,14568.83717,41575.73463,105635.9673,43153.16008,12187.84982,,,,
HDG74,ELC51PP-NGLCCCC1N,,,,,,,,41089.22,37761.05043,37761.05043
HDG74,ELC51PP-NGLCT1N,,,,4415.074605,,,,,,
HDG74,ELC62PP-NURAPR1N,,9631.717786,48158.58893,48158.58893,48158.58893,48158.58893,48158.58893,48158.58893,48158.58893,48158.58893
HDG74,ELC62PP-NUROPR1E,76905.34471,78429.70197,78429.70197,78429.70197,71549.90355,57790.30672,30271.11304,30271.11304,9631.717786,9631.717786
HDG74,ELC62PP-NURPWR1E,56329.79196,57446.3168,33367.02233,13759.59684,,,,,,
HDG74,ELC63PP-EUROPR1E,14699.79515,14445.39578,14445.39578,,,,,,,
HDG74,ELC64PP-GHY1E,2264.558089,2772.567527,2772.567527,2772.567527,2772.567527,2772.567527,2772.567527,2772.567527,2772.567527,2772.567527
HDG74,ELC65PP-PHY1E,,4186.046512,4186.046512,4186.046512,4186.046512,5148.893721,4186.046512,4186.046512,4186.046512,4186.046512
HDG74,ELC65PP-PHY1N,,,,445.324097,1603.166749,1971.916744,1603.166749,1603.166749,1603.166749,1603.166749
HDG74,ELC66PP-SHY04MW1E,7.373502813,6.222492837,6.222492837,6.222492837,6.222492837,6.222492837,6.222492837,6.222492837,6.222492837,6.222492837
HDG74,ELC66PP-SHY3MW1E,151.5552024,92.45572667,92.45572667,92.45572667,92.45572667,92.45572667,92.45572667,92.45572667,92.45572667,92.45572667
HDG74,ELC66PP-SHY3MW1N,,38.56192744,152.4948949,310.2482344,508.3163163,508.3163163,508.3163163,508.3163163,508.3163163,508.3163163
HDG74,ELC82PP-SPV1E,6898.005873,6898.005873,6898.005873,6898.005873,6763.713311,,,,,
HDG74,ELC82PP-SPV1N,,12623.31508,35924.12336,193471.3444,398118.5551,445816.1163,502806.9155,502806.9155,502806.9155,502806.9155
HDG74,ELC83PP-BMS1E,3728.815687,3728.815687,3728.815687,3728.815687,3728.815687,3728.815687,3728.815687,3728.815687,3728.815687,3728.815687
HDG74,ELC83PP-BMS1N,,5035.258732,6174.588406,6875.71436,8628.529244,8628.529244,8628.529244,8628.529244,8628.529244,8628.529244
HDG74,ELC83PP-BMSLFG1E,,,,,405.2359382,398.9580236,604.3355156,604.3355156,604.3355156,604.3355156
HDG74,ELC83PP-BMSLFG1N,604.3355156,604.3355156,604.3355156,604.3355156,604.3355156,604.3355156,604.3355156,604.3355156,604.3355156,604.3355156
HDG74,ELC89PP-WND1E,2162.590627,2299.06493,2526.522102,2753.979274,2746.954345,,,,,
HDG74,ELC89PP-WND1N,,321.7268945,10544.31253,13386.52268,54407.54351,53693.12428,54407.54351,54407.54351,54407.54351,54407.54351
HDG74,ELC89PP-WNDOFF1N,,927.3304605,6114.453421,24029.99838,27394.19816,118225.3928,118971.1618,118971.1618,118971.1618,118971.1618
HDG74,ELC90PP-MSW1E,686.9926559,1483.084718,1483.084718,1483.084718,1483.084718,1483.084718,1483.084718,1483.084718,1483.084718,1483.084718
HDG74,ELC90PP-MSWOFF1E,9346.957555,7603.00984,7603.00984,7603.00984,7603.00984,7603.00984,7603.00984,7603.00984,7603.00984,7603.00984
HDG74,ELC92PP-OCE1E,489.6934801,489.4823309,489.4823309,489.4823309,489.4823309,489.4823309,489.4823309,489.4823309,489.4823309,489.4823309
HDG74,ELC92PP-OCE1N,,1.928096372,1.928096372,1.928096372,1.928096372,1.928096372,1.928096372,1.928096372,1.928096372,1.928096372
HDG74,ELC93PP-HDGMCFC1E,1428.193567,1428.193567,1428.193567,1428.193567,1428.193567,1428.193567,1428.193567,1428.193567,1428.193567,1428.193567
HDG74,ELC93PP-HDGMCFC1N,,1418.377804,6424.417112,11332.29879,18203.33313,37834.85983,37834.85983,37834.85983,37834.85983,37834.85983
HDG74,ELC93PP-HDGT1N,,,,,,26185.46837,248636.9466,477034.9041,536536.9466,536536.9466
HDG74,ELC99PP-LIB1N,,,,18577.65047,111570.5572,111570.5572,43859.76148,40559.72071,,
HDG74,ELCHHT12ANK-CHP1E-I,2504.809641,5218.353419,5218.353419,1222.473552,,,,,,
HDG74,ELCHHT46PEC-CHP1E-I,108.3594725,225.7489011,225.7489011,,,,,,,
HDG74,ELCHHT47OPP-CHP1E-I,346.3585198,721.5802495,721.5802495,433.9530902,,,,,,
HDG74,ELCHLT27BKC-CHP1E-R,2767.104966,968.4867382,968.4867382,968.4867382,,,,,,
HDG74,ELCHLT51NGL-CHP1E-R,3207.210769,3897.723458,2050.880893,204.0383273,,,,,,
HDG74,IMP71ELC1E,,,,,,,48135.34036,33100,5850.210183,5850.210183
HDG77,ELC-CHP-OUT,8933.843369,11031.89277,9185.050201,2766.974492,,,,,,
HDG77,ELC-REN-SPV-OUT,6898.005873,19521.32096,42822.12924,186205.4146,374121.2429,405103.1512,364766.9149,389397.2148,320621.6785,323282.6246
HDG77,ELC-REN-WND-OUT,2162.590627,3548.122285,19185.28806,35013.54152,73429.19362,135978.6599,148946.1389,86869.94115,139974.8644,137313.4351
HDG77,ELC11PP-ANS1E,4428.669988,2979.785302,2979.785302,,,,,,,
HDG77,ELC14PP-BSCTP1E,229808.272,228699.2526,174961.4616,8466.956183,,,,,,
HDG77,ELC14PP-BSCTP1N,,,42591.0556,,,,,,,
HDG77,ELC14PP-IGCC1E,1286.331115,2337.151658,2337.151658,2045.683358,,,,,,
HDG77,ELC51NGL-NGLCCwCHP1E,21251.71565,21251.71565,21251.71565,21251.71565,19914.31928,16251.41486,12588.51044,,,
HDG77,ELC51PP-NGLCC1E,92656.8095,83916.06189,65168.30193,158097.3494,112823.9416,94820.4105,,,,
HDG77,ELC51PP-NGLCC1N,,12260.37016,43256.23798,105548.4172,42529.2516,13116.3573,,,,
HDG77,ELC51PP-NGLCCCC1N,,,,,,,,41647.20379,37797.64748,37797.52876
HDG77,ELC51PP-NGLCT1N,,,,5062.204866,,,,,,
HDG77,ELC62PP-NURAPR1N,,9631.717786,48158.58893,48158.58893,48158.58893,48158.58893,48158.58893,48158.58893,48158.58893,48158.58893
HDG77,ELC62PP-NUROPR1E,76905.34471,78429.70197,78429.70197,78429.70197,71549.90355,57790.30672,30271.11304,30271.11304,9631.717786,9631.717786
HDG77,ELC62PP-NURPWR1E,56329.79196,57446.3168,33367.02233,13759.59684,,,,,,
HDG77,ELC63PP-EUROPR1E,14699.79515,14445.39578,14445.39578,,,,,,,
HDG77,ELC64PP-GHY1E,2264.558089,2772.567527,2772.567527,2772.567527,2772.567527,2772.567527,2772.567527,2772.567527,2772.567527,2772.567527
HDG77,ELC65PP-PHY1E,,4186.046512,4186.046512,4186.046512,4186.046512,5148.893721,4186.046512,4186.046512,4186.046512,4186.046512
HDG77,ELC65PP-PHY1N,,,,445.324097,1603.166749,1971.916744,1603.166749,1603.166749,1603.166749,1603.166749
HDG77,ELC66PP-SHY04MW1E,7.373502813,6.222492837,6.222492837,6.222492837,6.222492837,6.222492837,6.222492837,6.222492837,6.222492837,6.222492837
HDG77,ELC66PP-SHY3MW1E,151.5552024,92.45572667,92.45572667,92.45572667,92.45572667,92.45572667,92.45572667,92.45572667,92.45572667,92.45572667
HDG77,ELC66PP-SHY3MW1N,,38.56192744,152.4948949,310.2482344,508.3163163,508.3163163,508.3163163,508.3163163,508.3163163,508.3163163
HDG77,ELC82PP-SPV1E,6898.005873,6898.005873,6898.005873,6898.005873,6628.629805,,,,,
HDG77,ELC82PP-SPV1N,,12623.31508,35924.12336,190292.6966,390875.1065,437606.7472,502806.9155,502806.9155,502806.9155,502806.9155
HDG77,ELC83PP-BMS1E,3728.815687,3728.815687,3728.815687,3728.815687,3728.815687,3728.815687,3728.815687,3728.815687,3728.815687,3728.815687
HDG77,ELC83PP-BMS1N,,5035.258732,6174.588406,6875.71436,8628.529244,8628.529244,8628.529244,8628.529244,8628.529244,8628.529244
HDG77,ELC83PP-BMSLFG1E,,,,,409.1682583,403.6492125,604.3355156,604.3355156,573.0839187,573.0839187
HDG77,ELC83PP-BMSLFG1N,604.3355156,604.3355156,604.3355156,604.3355156,604.3355156,604.3355156,604.3355156,604.3355156,604.3355156,604.3355156
HDG77,ELC89PP-WND1E,2162.590627,2299.06493,2526.522102,2753.979274,2753.979274,,,,,
HDG77,ELC89PP-WND1N,,321.7268945,10544.31253,13386.52268,54407.54351,53988.59624,54407.54351,54407.54351,54407.54351,54407.54351
HDG77,ELC89PP-WNDOFF1N,,927.3304605,6114.453421,24029.99838,27394.19816,118283.1125,118971.1618,118971.1618,118971.1618,118971.1618
HDG77,ELC90PP-MSW1E,686.9926559,1483.084718,1483.084718,1483.084718,1483.084718,1483.084718,1483.084718,1483.084718,1483.084718,1483.084718
HDG77,ELC90PP-MSWOFF1E,9346.957555,7603.00984,7603.00984,7603.00984,7603.00984,7603.00984,7603.00984,7603.00984,7603.00984,7603.00984
HDG77,ELC92PP-OCE1E,489.6934801,489.4823309,489.4823309,489.4823309,489.4823309,489.4823309,489.4823309,489.4823309,489.4823309,489.4823309
HDG77,ELC92PP-OCE1N,,1.928096372,1.928096372,1.928096372,1.928096372,1.928096372,1.928096372,1.928096372,1.928096372,1.928096372
HDG77,ELC93PP-HDGMCFC1E,1428.193567,1428.193567,1428.193567,1428.193567,1428.193567,1428.193567,1428.193567,1428.193567,1428.193567,1428.193567
HDG77,ELC93PP-HDGMCFC1N,,1418.377804,6424.417112,11332.29879,18203.33313,37834.85983,37834.85983,37834.85983,37834.85983,37834.85983
HDG77,ELC93PP-HDGT1N,,,,,,30576.12591,248636.9466,467059.0978,535882.6533,535884.7757
HDG77,ELC99PP-LIB1N,,,,17446.87346,106742.797,106742.797,52588.3434,47811.44694,13749.97629,13713.09271
HDG77,ELCHHT12ANK-CHP1E-I,2504.809641,5218.353419,5218.353419,1177.497953,,,,,,
HDG77,ELCHHT46PEC-CHP1E-I,108.3594725,225.7489011,225.7489011,,,,,,,
HDG77,ELCHHT47OPP-CHP1E-I,346.3585198,721.5802495,721.5802495,416.9514734,,,,,,
HDG77,ELCHLT27BKC-CHP1E-R,2767.104966,968.4867382,968.4867382,968.4867382,,,,,,
HDG77,ELCHLT51NGL-CHP1E-R,3207.210769,3897.723458,2050.880893,204.0383273,,,,,,
HDG77,IMP71ELC1E,,,,,,,34796.00994,33100,,
HDG80,ELC-CHP-OUT,8933.843369,11031.89277,9185.050201,2842.131143,,,,,,
HDG80,ELC-REN-SPV-OUT,6898.005873,19521.32096,42822.12924,184900.988,374022.6715,386033.4328,376927.367,385784.4661,336200.5564,334528.7256
HDG80,ELC-REN-WND-OUT,2162.590627,3548.122285,19185.28806,34064.66251,70263.93303,151155.3419,147789.5439,99993.0641,134178.2476,136362.7232
HDG80,ELC11PP-ANS1E,4428.669988,2979.785302,2979.785302,,,,,,,
HDG80,ELC14PP-BSCTP1E,229808.272,228699.2526,174961.4616,9294.323577,,,,,,
HDG80,ELC14PP-BSCTP1N,,,42591.0556,,,,,,,
HDG80,ELC14PP-IGCC1E,1286.331115,2337.151658,2337.151658,2045.683358,,,,,,
HDG80,ELC51NGL-NGLCCwCHP1E,21251.71565,21251.71565,21251.71565,21251.71565,19914.31928,16251.41486,12588.51044,,,
HDG80,ELC51PP-NGLCC1E,92656.8095,80182.55027,46216.35579,158681.1576,114465.21,94668.58349,,,,
HDG80,ELC51PP-NGLCC1N,,15988.05083,62179.27055,105515.869,44237.21109,14050.53372,,,,
HDG80,ELC51PP-NGLCCCC1N,,,,,,,,42161.08281,38360.20429,38361.7762
HDG80,ELC51PP-NGLCT1N,,,,5213.594065,,,,,,
HDG80,ELC62PP-NURAPR1N,,9631.717786,48158.58893,48158.58893,48158.58893,48158.58893,48158.58893,48158.58893,48158.58893,48158.58893
HDG80,ELC62PP-NUROPR1E,76905.34471,78429.70197,78429.70197,78429.70197,71549.90355,57790.30672,30271.11304,30271.11304,9631.717786,9631.717786
HDG80,ELC62PP-NURPWR1E,56329.79196,57446.3168,33367.02233,13759.59684,,,,,,
HDG80,ELC63PP-EUROPR1E,14699.79515,14445.39578,14445.39578,,,,,,,
HDG80,ELC64PP-GHY1E,2264.558089,2772.567527,2772.567527,2772.567527,2772.567527,2772.567527,2772.567527,2772.567527,2772.567527,2772.567527
HDG80,ELC65PP-PHY1E,,4186.046512,4186.046512,4186.046512,4186.046512,5148.893721,4186.046512,4186.046512,4186.046512,4186.046512
HDG80,ELC65PP-PHY1N,,,,445.324097,1603.166749,1971.916744,1603.166749,1603.166749,1603.166749,1603.166749
HDG80,ELC66PP-SHY04MW1E,7.373502813,6.222492837,6.222492837,6.222492837,6.222492837,6.222492837,6.222492837,6.222492837,6.222492837,6.222492837
HDG80,ELC66PP-SHY3MW1E,151.5552024,92.45572667,92.45572667,92.45572667,92.45572667,92.45572667,92.45572667,92.45572667,92.45572667,92.45572667
HDG80,ELC66PP-SHY3MW1N,,38.56192744,152.4948949,310.2482344,508.3163163,508.3163163,508.3163163,508.3163163,508.3163163,508.3163163
HDG80,ELC82PP-SPV1E,6898.005873,6898.005873,6898.005873,6898.005873,6898.005873,,,,,
HDG80,ELC82PP-SPV1N,,12623.31508,35924.12336,187969.7229,387243.0772,431527.5736,502806.9155,502806.9155,502806.9155,502806.9155
HDG80,ELC83PP-BMS1E,3728.815687,3728.815687,3728.815687,3728.815687,3728.815687,3728.815687,3728.815687,3728.815687,3728.815687,3728.815687
HDG80,ELC83PP-BMS1N,,5035.258732,6174.588406,6875.71436,8628.529244,8628.529244,8628.529244,8628.529244,8628.529244,8628.529244
HDG80,ELC83PP-BMSLFG1E,,,,,409.1682583,403.6492125,604.3355156,604.3355156,573.0839187,570.7383243
HDG80,ELC83PP-BMSLFG1N,604.3355156,604.3355156,604.3355156,604.3355156,604.3355156,604.3355156,604.3355156,604.3355156,604.3355156,604.3355156
HDG80,ELC89PP-WND1E,2162.590627,2299.06493,2526.522102,2753.979274,2753.979274,,,,,
HDG80,ELC89PP-WND1N,,321.7268945,10544.31253,13386.52268,54358.17182,54058.20107,54407.54351,54407.54351,54321.4201,54407.54351
HDG80,ELC89PP-WNDOFF1N,,927.3304605,6114.453421,24029.99838,27324.05748,118369.8733,118971.1618,118971.1618,118550.7993,118971.1618
HDG80,ELC90PP-MSW1E,686.9926559,1483.084718,1483.084718,1483.084718,1483.084718,1483.084718,1483.084718,1483.084718,1483.084718,1483.084718
HDG80,ELC90PP-MSWOFF1E,9346.957555,7603.00984,7603.00984,7603.00984,7603.00984,7603.00984,7603.00984,7603.00984,7603.00984,7603.00984
HDG80,ELC92PP-OCE1E,489.6934801,489.4823309,489.4823309,489.4823309,489.4823309,489.4823309,489.4823309,489.4823309,489.4823309,489.4823309
HDG80,ELC92PP-OCE1N,,1.928096372,1.928096372,1.928096372,1.928096372,1.928096372,1.928096372,1.928096372,1.928096372,1.928096372
HDG80,ELC93PP-HDGMCFC1E,1428.193567,1428.193567,1428.193567,1428.193567,1428.193567,1428.193567,1428.193567,1428.193567,1428.193567,1428.193567
HDG80,ELC93PP-HDGMCFC1N,,1418.377804,6424.417112,11332.29879,18203.33313,37834.85983,37834.85983,37834.85983,37834.85983,37834.85983
HDG80,ELC93PP-HDGT1N,,,,,,33342.52005,248636.9466,457871.8101,525825.089,525796.9858
HDG80,ELC99PP-LIB1N,,,,16742.58365,103742.2749,103742.2749,59262.73672,53713.94574,14904.63617,14944.76297
HDG80,ELCHHT12ANK-CHP1E-I,2504.809641,5218.353419,5218.353419,1224.466846,,,,,,
HDG80,ELCHHT46PEC-CHP1E-I,108.3594725,225.7489011,225.7489011,,,,,,,
HDG80,ELCHHT47OPP-CHP1E-I,346.3585198,721.5802495,721.5802495,445.1392315,,,,,,
HDG80,ELCHLT27BKC-CHP1E-R,2767.104966,968.4867382,968.4867382,968.4867382,,,,,,
HDG80,ELCHLT51NGL-CHP1E-R,3207.210769,3897.723458,2050.880893,204.0383273,,,,,,
HDG80,IMP71ELC1E,,,,,,,24743.57053,33100,,
HDG82,ELC-CHP-OUT,8933.843369,11031.89277,9185.050201,2803.827006,,,,,,
HDG82,ELC-REN-SPV-OUT,6898.005873,19521.32096,42822.12924,184141.659,372816.5513,401423.1364,394204.7323,397757.1849,345240.9449,339162.7948
HDG82,ELC-REN-WND-OUT,2162.590627,3548.122285,19185.28806,34902.49434,71842.05824,137880.2245,134206.5375,93946.75727,132063.8924,138149.9485
HDG82,ELC11PP-ANS1E,4428.669988,2979.785302,2979.785302,,,,,,,
HDG82,ELC14PP-BSCTP1E,229808.272,228699.2526,174961.4616,9299.903067,,,,,,
HDG82,ELC14PP-BSCTP1N,,,42591.0556,,,,,,,
HDG82,ELC14PP-IGCC1E,1286.331115,2337.151658,2337.151658,2045.683358,,,,,,
HDG82,ELC51NGL-NGLCCwCHP1E,21251.71565,21251.71565,21251.71565,21251.71565,19914.31928,16251.41486,12588.51044,,,
HDG82,ELC51PP-NGLCC1E,92656.8095,76850.66719,47937.67249,158753.9441,114465.21,94667.19633,,,,
HDG82,ELC51PP-NGLCC1N,,19319.93391,60457.95385,105513.6567,44237.21109,13931.92616,,,,
HDG82,ELC51PP-NGLCCCC1N,,,,,,,,42496.54347,38729.65021,38731.71849
HDG82,ELC51PP-NGLCT1N,,,,5234.547912,,,,,,
HDG82,ELC62PP-NURAPR1N,,9631.717786,48158.58893,48158.58893,48158.58893,48158.58893,48158.58893,48158.58893,48158.58893,48158.58893
HDG82,ELC62PP-NUROPR1E,76905.34471,78429.70197,78429.70197,78429.70197,71549.90355,57790.30672,30271.11304,30271.11304,9631.717786,9631.717786
HDG82,ELC62PP-NURPWR1E,56329.79196,57446.3168,33367.02233,13759.59684,,,,,,
HDG82,ELC63PP-EUROPR1E,14699.79515,14445.39578,14445.39578,,,,,,,
HDG82,ELC64PP-GHY1E,2264.558089,2772.567527,2772.567527,2772.567527,2772.567527,2772.567527,2772.567527,2772.567527,2772.567527,2772.567527
HDG82,ELC65PP-PHY1E,,4186.046512,4186.046512,4186.046512,4186.046512,5148.893721,4186.046512,4186.046512,4186.046512,4186.046512
HDG82,ELC65PP-PHY1N,,,,445.324097,1603.166749,1971.916744,1603.166749,1603.166749,1603.166749,1603.166749
HDG82,ELC66PP-SHY04MW1E,7.373502813,6.222492837,6.222492837,6.222492837,6.222492837,6.222492837,6.222492837,6.222492837,6.222492837,6.222492837
HDG82,ELC66PP-SHY3MW1E,151.5552024,92.45572667,92.45572667,92.45572667,92.45572667,92.45572667,92.45572667,92.45572667,92.45572667,92.45572667
HDG82,ELC66PP-SHY3MW1N,,38.56192744,152.4948949,310.2482344,508.3163163,508.3163163,508.3163163,508.3163163,508.3163163,508.3163163
HDG82,ELC82PP-SPV1E,6898.005873,6898.005873,6898.005873,6898.005873,6389.047531,,,,,
HDG82,ELC82PP-SPV1N,,12623.31508,35924.12336,188323.6225,389642.6801,429747.011,502806.9155,502806.9155,502806.9155,502806.9155
HDG82,ELC83PP-BMS1E,3728.815687,3728.815687,3728.815687,3728.815687,3728.815687,3728.815687,3728.815687,3728.815687,3728.815687,3728.815687
HDG82,ELC83PP-BMS1N,,5035.258732,6174.588406,6875.71436,8628.529244,8628.529244,8628.529244,8628.529244,8628.529244,8628.529244
HDG82,ELC83PP-BMSLFG1E,,,,,409.1682583,404.0142257,604.3355156,604.3355156,570.7383243,570.7383243
HDG82,ELC83PP-BMSLFG1N,604.3355156,604.3355156,604.3355156,604.3355156,604.3355156,604.3355156,604.3355156,604.3355156,604.3355156,604.3355156
HDG82,ELC89PP-WND1E,2162.590627,2299.06493,2526.522102,2753.979274,2726.291753,,,,,
HDG82,ELC89PP-WND1N,,321.7268945,10544.31253,13386.52268,54268.2373,54376.57962,54407.54351,54407.54351,54407.54351,54407.54351
HDG82,ELC89PP-WNDOFF1N,,927.3304605,6114.453421,24029.99838,27394.19816,118785.1399,118971.1618,118971.1618,118971.1618,118971.1618
HDG82,ELC90PP-MSW1E,686.9926559,1483.084718,1483.084718,1483.084718,1483.084718,1483.084718,1483.084718,1483.084718,1483.084718,1483.084718
HDG82,ELC90PP-MSWOFF1E,9346.957555,7603.00984,7603.00984,7603.00984,7603.00984,7603.00984,7603.00984,7603.00984,7603.00984,7603.00984
HDG82,ELC92PP-OCE1E,489.6934801,489.4823309,489.4823309,489.4823309,489.4823309,489.4823309,489.4823309,489.4823309,489.4823309,489.4823309
HDG82,ELC92PP-OCE1N,,1.928096372,1.928096372,1.928096372,1.928096372,1.928096372,1.928096372,1.928096372,1.928096372,1.928096372
HDG82,ELC93PP-HDGMCFC1E,1428.193567,1428.193567,1428.193567,1428.193567,1428.193567,1428.193567,1428.193567,1428.193567,1428.193567,1428.193567
HDG82,ELC93PP-HDGMCFC1N,,1418.377804,6424.417112,11332.29879,18203.33313,37834.85983,37834.85983,37834.85983,37834.85983,37834.85983
HDG82,ELC93PP-HDGT1N,,,,,,33628.67174,248636.9466,451874.3409,519220.0209,519183.0435
HDG82,ELC99PP-LIB1N,,,,16735.39235,103742.2749,103742.2749,61494.0867,55890.13338,17426.60153,17465.74618
HDG82,ELCHHT12ANK-CHP1E-I,2504.809641,5218.353419,5218.353419,1186.162709,,,,,,
HDG82,ELCHHT46PEC-CHP1E-I,108.3594725,225.7489011,225.7489011,,,,,,,
HDG82,ELCHHT47OPP-CHP1E-I,346.3585198,721.5802495,721.5802495,445.1392315,,,,,,
HDG82,ELCHLT27BKC-CHP1E-R,2767.104966,968.4867382,968.4867382,968.4867382,,,,,,
HDG82,ELCHLT51NGL-CHP1E-R,3207.210769,3897.723458,2050.880893,204.0383273,,,,,,
HDG82,IMP71ELC1E,,,,,,,21424.39481,33100,,
HDG84,ELC-CHP-OUT,8933.843369,11031.89277,9185.050201,2804.899124,,,,,,
HDG84,ELC-REN-SPV-OUT,6898.005873,19521.32096,42822.12924,185025.7423,370600.1442,399979.8249,393745.5604,408892.803,359239.3686,355761.1848
HDG84,ELC-REN-WND-OUT,2162.590627,3548.122285,19185.28806,34185.29096,74297.07781,138421.1897,138184.1462,88395.21555,123428.9369,126749.4731
HDG84,ELC11PP-ANS1E,4428.669988,2979.785302,2979.785302,,,,,,,
HDG84,ELC14PP-BSCTP1E,229808.272,228699.2526,174961.4616,9083.961079,,,,,,
HDG84,ELC14PP-BSCTP1N,,,42591.0556,,,,,,,
HDG84,ELC14PP-IGCC1E,1286.331115,2337.151658,2337.151658,2045.683358,,,,,,
HDG84,ELC51NGL-NGLCCwCHP1E,21251.71565,21251.71565,21251.71565,21251.71565,19914.31928,16251.41486,12588.51044,,,
HDG84,ELC51PP-NGLCC1E,92656.8095,80565.83673,59846.96461,159107.8404,110045.0536,94986.89469,,,,
HDG84,ELC51PP-NGLCC1N,,15604.76437,48548.66172,105516.5317,48655.78321,14227.69707,,,,
HDG84,ELC51PP-NGLCCCC1N,,,,,,,,42815.8913,39003.18262,39009.05215
HDG84,ELC51PP-NGLCT1N,,,,5301.744904,,,,,,
HDG84,ELC62PP-NURAPR1N,,9631.717786,48158.58893,48158.58893,48158.58893,48158.58893,48158.58893,48158.58893,48158.58893,48158.58893
HDG84,ELC62PP-NUROPR1E,76905.34471,78429.70197,78429.70197,78429.70197,71549.90355,57790.30672,30271.11304,30271.11304,9631.717786,9631.717786
HDG84,ELC62PP-NURPWR1E,56329.79196,57446.3168,33367.02233,13759.59684,,,,,,
HDG84,ELC63PP-EUROPR1E,14699.79515,14445.39578,14445.39578,,,,,,,
HDG84,ELC64PP-GHY1E,2264.558089,2772.567527,2772.567527,2772.567527,2772.567527,2772.567527,2772.567527,2772.567527,2772.567527,2772.567527
HDG84,ELC65PP-PHY1E,,4186.046512,4186.046512,4186.046512,4186.046512,5148.893721,4186.046512,4186.046512,4186.046512,4186.046512
HDG84,ELC65PP-PHY1N,,,,445.324097,1603.166749,1971.916744,1603.166749,1603.166749,1603.166749,1603.166749
HDG84,ELC66PP-SHY04MW1E,7.373502813,6.222492837,6.222492837,6.222492837,6.222492837,6.222492837,6.222492837,6.222492837,6.222492837,6.222492837
HDG84,ELC66PP-SHY3MW1E,151.5552024,92.45572667,92.45572667,92.45572667,92.45572667,92.45572667,92.45572667,92.45572667,92.45572667,92.45572667
HDG84,ELC66PP-SHY3MW1N,,38.56192744,152.4948949,310.2482344,508.3163163,508.3163163,508.3163163,508.3163163,508.3163163,508.3163163
HDG84,ELC82PP-SPV1E,6898.005873,6898.005873,6898.005873,6898.005873,6537.589066,,,,,
HDG84,ELC82PP-SPV1N,,12623.31508,35924.12336,188284.7738,388960.0215,428878.5304,502806.9155,502806.9155,502806.9155,502806.9155
HDG84,ELC83PP-BMS1E,3728.815687,3728.815687,3728.815687,3728.815687,3728.815687,3728.815687,3728.815687,3728.815687,3728.815687,3728.815687
HDG84,ELC83PP-BMS1N,,5035.258732,6174.588406,6875.71436,8628.529244,8628.529244,8628.529244,8628.529244,8628.529244,8628.529244
HDG84,ELC83PP-BMSLFG1E,,,,,409.1682583,403.6492125,604.3355156,604.3355156,569.0707514,570.7383243
HDG84,ELC83PP-BMSLFG1N,604.3355156,604.3355156,604.3355156,604.3355156,604.3355156,604.3355156,604.3355156,604.3355156,604.3355156,604.3355156
HDG84,ELC89PP-WND1E,2162.590627,2299.06493,2526.522102,2753.979274,2748.804203,,,,,
HDG84,ELC89PP-WND1N,,321.7268945,10544.31253,13386.52268,54268.75918,53860.83403,54407.54351,54407.54351,54407.54351,54065.58753
HDG84,ELC89PP-WNDOFF1N,,927.3304605,6114.453421,24029.99838,27323.8139,118507.9439,118971.1618,118971.1618,118971.1618,118741.0854
HDG84,ELC90PP-MSW1E,686.9926559,1483.084718,1483.084718,1483.084718,1483.084718,1483.084718,1483.084718,1483.084718,1483.084718,1483.084718
HDG84,ELC90PP-MSWOFF1E,9346.957555,7603.00984,7603.00984,7603.00984,7603.00984,7603.00984,7603.00984,7603.00984,7603.00984,7603.00984
HDG84,ELC92PP-OCE1E,489.6934801,489.4823309,489.4823309,489.4823309,489.4823309,489.4823309,489.4823309,489.4823309,489.4823309,489.4823309
HDG84,ELC92PP-OCE1N,,1.928096372,1.928096372,1.928096372,1.928096372,1.928096372,1.928096372,1.928096372,1.928096372,1.928096372
HDG84,ELC93PP-HDGMCFC1E,1428.193567,1428.193567,1428.193567,1428.193567,1428.193567,1428.193567,1428.193567,1428.193567,1428.193567,1428.193567
HDG84,ELC93PP-HDGMCFC1N,,1418.377804,6424.417112,11332.29879,18203.33313,37834.85983,37834.85983,37834.85983,37834.85983,37834.85983
HDG84,ELC93PP-HDGT1N,,,,,,32161.22786,248636.9466,446164.9419,514329.724,514224.7868
HDG84,ELC99PP-LIB1N,,,,16805.04272,103743.1461,104676.2324,63619.18192,57618.7601,23707.69438,23796.49221
HDG84,ELCHHT12ANK-CHP1E-I,2504.809641,5218.353419,5218.353419,1185.109625,,,,,,
HDG84,ELCHHT46PEC-CHP1E-I,108.3594725,225.7489011,225.7489011,,,,,,,
HDG84,ELCHHT47OPP-CHP1E-I,346.3585198,721.5802495,721.5802495,447.2644337,,,,,,
HDG84,ELCHLT27BKC-CHP1E-R,2767.104966,968.4867382,968.4867382,968.4867382,,,,,,
HDG84,ELCHLT51NGL-CHP1E-R,3207.210769,3897.723458,2050.880893,204.0383273,,,,,,
HDG84,IMP71ELC1E,,,,,,,18263.27509,33100,,
HDG86,ELC-CHP-OUT,8933.843369,11031.89277,9185.050201,2830.421133,,,,,,
HDG86,ELC-REN-SPV-OUT,6898.005873,19521.32096,42822.12924,183696.9459,377394.8127,396045.2637,387729.7019,376494.7556,353713.5012,356025.1265
HDG86,ELC-REN-WND-OUT,2162.590627,3548.122285,19185.28806,34422.99462,67064.37566,143930.6912,147554.7934,125983.4336,135099.4095,132352.4812
HDG86,ELC11PP-ANS1E,4428.669988,2979.785302,2979.785302,,,,,,,
HDG86,ELC14PP-BSCTP1E,229808.272,228699.2526,174961.4616,9046.519907,,,,,,
HDG86,ELC14PP-BSCTP1N,,,42591.0556,,,,,,,
HDG86,ELC14PP-IGCC1E,1286.331115,2337.151658,2337.151658,2045.683358,,,,,,
HDG86,ELC51NGL-NGLCCwCHP1E,21251.71565,21251.71565,21251.71565,21251.71565,19914.31928,16251.41486,12588.51044,,,
HDG86,ELC51PP-NGLCC1E,92656.8095,81395.39099,44234.40324,159111.1662,110613.6907,96187.13335,,,,
HDG86,ELC51PP-NGLCC1N,,14775.21011,64161.2231,105523.2061,48087.34994,15623.76829,,,,
HDG86,ELC51PP-NGLCCCC1N,,,,,,,,43098.42416,39349.11801,39347.90741
HDG86,ELC51PP-NGLCT1N,,,,5296.9759,,,,,,
HDG86,ELC62PP-NURAPR1N,,9631.717786,48158.58893,48158.58893,48158.58893,48158.58893,48158.58893,48158.58893,48158.58893,48158.58893
HDG86,ELC62PP-NUROPR1E,76905.34471,78429.70197,78429.70197,78429.70197,71549.90355,57790.30672,30271.11304,30271.11304,9631.717786,9631.717786
HDG86,ELC62PP-NURPWR1E,56329.79196,57446.3168,33367.02233,13759.59684,,,,,,
HDG86,ELC63PP-EUROPR1E,14699.79515,14445.39578,14445.39578,,,,,,,
HDG86,ELC64PP-GHY1E,2264.558089,2772.567527,2772.567527,2772.567527,2772.567527,2772.567527,2772.567527,2772.567527,2772.567527,2772.567527
HDG86,ELC65PP-PHY1E,,4186.046512,4186.046512,4186.046512,4186.046512,5148.893721,4186.046512,4186.046512,4186.046512,4186.046512
HDG86,ELC65PP-PHY1N,,,,445.324097,1603.166749,1971.916744,1603.166749,1603.166749,1603.166749,1603.166749
HDG86,ELC66PP-SHY04MW1E,7.373502813,6.222492837,6.222492837,6.222492837,6.222492837,6.222492837,6.222492837,6.222492837,6.222492837,6.222492837
HDG86,ELC66PP-SHY3MW1E,151.5552024,92.45572667,92.45572667,92.45572667,92.45572667,92.45572667,92.45572667,92.45572667,92.45572667,92.45572667
HDG86,ELC66PP-SHY3MW1N,,38.56192744,152.4948949,310.2482344,508.3163163,508.3163163,508.3163163,508.3163163,508.3163163,508.3163163
HDG86,ELC82PP-SPV1E,6898.005873,6898.005873,6898.005873,6898.005873,6751.820391,,,,,
HDG86,ELC82PP-SPV1N,,12623.31508,35924.12336,187784.6719,388732.414,430313.4095,502806.9155,502806.9155,502806.9155,502806.9155
HDG86,ELC83PP-BMS1E,3728.815687,3728.815687,3728.815687,3728.815687,3728.815687,3728.815687,3728.815687,3728.815687,3728.815687,3728.815687
HDG86,ELC83PP-BMS1N,,5035.258732,6174.588406,6875.71436,8628.529244,8628.529244,8628.529244,8628.529244,8628.529244,8628.529244
HDG86,ELC83PP-BMSLFG1E,,,,,409.1682583,403.6492125,604.3355156,604.3355156,569.9104674,569.9104674
HDG86,ELC83PP-BMSLFG1N,604.3355156,604.3355156,604.3355156,604.3355156,604.3355156,604.3355156,604.3355156,604.3355156,604.3355156,604.3355156
HDG86,ELC89PP-WND1E,2162.590627,2299.06493,2526.522102,2753.979274,2741.556677,,,,,
HDG86,ELC89PP-WND1N,,321.7268945,10544.31253,13386.52268,54305.30494,53769.614,54407.54351,54407.54351,54407.54351,54365.57634
HDG86,ELC89PP-WNDOFF1N,,927.3304605,6114.453421,24029.99838,27342.72104,118130.8781,118971.1618,118971.1618,118971.1618,118666.5456
HDG86,ELC90PP-MSW1E,686.9926559,1483.084718,1483.084718,1483.084718,1483.084718,1483.084718,1483.084718,1483.084718,1483.084718,1483.084718
HDG86,ELC90PP-MSWOFF1E,9346.957555,7603.00984,7603.00984,7603.00984,7603.00984,7603.00984,7603.00984,7603.00984,7603.00984,7603.00984
HDG86,ELC92PP-OCE1E,489.6934801,489.4823309,489.4823309,489.4823309,489.4823309,489.4823309,489.4823309,489.4823309,489.4823309,489.4823309
HDG86,ELC92PP-OCE1N,,1.928096372,1.928096372,1.928096372,1.928096372,1.928096372,1.928096372,1.928096372,1.928096372,1.928096372
HDG86,ELC93PP-HDGMCFC1E,1428.193567,1428.193567,1428.193567,1428.193567,1428.193567,1428.193567,1428.193567,1428.193567,1428.193567,1428.193567
HDG86,ELC93PP-HDGMCFC1N,,1418.377804,6424.417112,11332.29879,18203.33313,37834.85983,37834.85983,37834.85983,37834.85983,37834.85983
HDG86,ELC93PP-HDGT1N,,,,,,25970.80173,248636.9466,441113.7323,508144.9844,508166.6279
HDG86,ELC99PP-LIB1N,,,,16825.87601,103741.4135,108097.7761,65645.43549,60633.97407,24110.57919,24138.30642
HDG86,ELCHHT12ANK-CHP1E-I,2504.809641,5218.353419,5218.353419,1210.631633,,,,,,
HDG86,ELCHHT46PEC-CHP1E-I,108.3594725,225.7489011,225.7489011,,,,,,,
HDG86,ELCHHT47OPP-CHP1E-I,346.3585198,721.5802495,721.5802495,447.2644337,,,,,,
HDG86,ELCHLT27BKC-CHP1E-R,2767.104966,968.4867382,968.4867382,968.4867382,,,,,,
HDG86,ELCHLT51NGL-CHP1E-R,3207.210769,3897.723458,2050.880893,204.0383273,,,,,,
HDG86,IMP71ELC1E,,,,,,,15249.18418,33100,,
HDG88,ELC-CHP-OUT,8933.843369,11031.89277,9185.050201,2803.827006,,,,,,
HDG88,ELC-REN-SPV-OUT,6898.005873,19521.32096,42822.12924,183962.8597,375791.1083,404008.777,400380.0409,403611.2471,371891.5602,365478.5766
HDG88,ELC-REN-WND-OUT,2162.590627,3548.122285,19185.28806,35184.03405,71021.46276,141995.828,138106.7528,103819.8925,121714.0646,127541.3076
HDG88,ELC11PP-ANS1E,4428.669988,2979.785302,2979.785302,,,,,,,
HDG88,ELC14PP-BSCTP1E,229808.272,228699.2526,174961.4616,9286.375067,,,,,,
HDG88,ELC14PP-BSCTP1N,,,42591.0556,,,,,,,
HDG88,ELC14PP-IGCC1E,1286.331115,2337.151658,2337.151658,2045.683358,,,,,,
HDG88,ELC51NGL-NGLCCwCHP1E,21251.71565,21251.71565,21251.71565,21251.71565,19914.31928,16251.41486,12588.51044,,,
HDG88,ELC51PP-NGLCC1E,92656.8095,78311.4447,60649.97333,158771.4527,110592.9017,97601.73841,,,,
HDG88,ELC51PP-NGLCC1N,,17859.1564,47745.65301,105572.0231,48108.13148,16380.71644,,,,
HDG88,ELC51PP-NGLCCCC1N,,,,,,,,43380.59111,39543.69733,39545.17349
HDG88,ELC51PP-NGLCT1N,,,,5185.234018,,,,,,
HDG88,ELC62PP-NURAPR1N,,9631.717786,48158.58893,48158.58893,48158.58893,48158.58893,48158.58893,48158.58893,48158.58893,48158.58893
HDG88,ELC62PP-NUROPR1E,76905.34471,78429.70197,78429.70197,78429.70197,71549.90355,57790.30672,30271.11304,30271.11304,9631.717786,9631.717786
HDG88,ELC62PP-NURPWR1E,56329.79196,57446.3168,33367.02233,13759.59684,,,,,,
HDG88,ELC63PP-EUROPR1E,14699.79515,14445.39578,14445.39578,,,,,,,
HDG88,ELC64PP-GHY1E,2264.558089,2772.567527,2772.567527,2772.567527,2772.567527,2772.567527,2772.567527,2772.567527,2772.567527,2772.567527
HDG88,ELC65PP-PHY1E,,4186.046512,4186.046512,4186.046512,4186.046512,5148.893721,4186.046512,4186.046512,4186.046512,4186.046512
HDG88,ELC65PP-PHY1N,,,,445.324097,1603.166749,1971.916744,1603.166749,1603.166749,1603.166749,1603.166749
HDG88,ELC66PP-SHY04MW1E,7.373502813,6.222492837,6.222492837,6.222492837,6.222492837,6.222492837,6.222492837,6.222492837,6.222492837,6.222492837
HDG88,ELC66PP-SHY3MW1E,151.5552024,92.45572667,92.45572667,92.45572667,92.45572667,92.45572667,92.45572667,92.45572667,92.45572667,92.45572667
HDG88,ELC66PP-SHY3MW1N,,38.56192744,152.4948949,310.2482344,508.3163163,508.3163163,508.3163163,508.3163163,508.3163163,508.3163163
HDG88,ELC82PP-SPV1E,6898.005873,6898.005873,6898.005873,6817.89464,6667.908815,,,,,
HDG88,ELC82PP-SPV1N,,12623.31508,35924.12336,188300.7455,390071.8907,431417.5035,502806.9155,502806.9155,502806.9155,502806.9155
HDG88,ELC83PP-BMS1E,3728.815687,3728.815687,3728.815687,3728.815687,3728.815687,3728.815687,3728.815687,3728.815687,3728.815687,3728.815687
HDG88,ELC83PP-BMS1N,,5035.258732,6174.588406,6875.71436,8628.529244,8628.529244,8628.529244,8628.529244,8628.529244,8628.529244
HDG88,ELC83PP-BMSLFG1E,,,,,409.1682583,403.6492125,604.3355156,604.3355156,569.9104674,569.9104674
HDG88,ELC83PP-BMSLFG1N,604.3355156,604.3355156,604.3355156,604.3355156,604.3355156,604.3355156,604.3355156,604.3355156,604.3355156,604.3355156
HDG88,ELC89PP-WND1E,2162.590627,2299.06493,2526.522102,2753.979274,2748.545705,,,,,
HDG88,ELC89PP-WND1N,,321.7268945,10544.31253,13386.52268,54305.30494,54305.30494,54407.54351,54407.54351,54302.47085,54407.54351
HDG88,ELC89PP-WNDOFF1N,,927.3304605,6114.453421,24029.99838,27394.19816,118558.9615,118971.1618,118971.1618,118917.4032,118221.3319
HDG88,ELC90PP-MSW1E,686.9926559,1483.084718,1483.084718,1483.084718,1483.084718,1483.084718,1483.084718,1483.084718,1483.084718,1483.084718
HDG88,ELC90PP-MSWOFF1E,9346.957555,7603.00984,7603.00984,7603.00984,7603.00984,7603.00984,7603.00984,7603.00984,7603.00984,7603.00984
HDG88,ELC92PP-OCE1E,489.6934801,489.4823309,489.4823309,489.4823309,489.4823309,489.4823309,489.4823309,489.4823309,489.4823309,489.4823309
HDG88,ELC92PP-OCE1N,,1.928096372,1.928096372,1.928096372,1.928096372,1.928096372,1.928096372,1.928096372,1.928096372,1.928096372
HDG88,ELC93PP-HDGMCFC1E,1428.193567,1428.193567,1428.193567,1428.193567,1428.193567,1428.193567,1428.193567,1428.193567,1428.193567,1428.193567
HDG88,ELC93PP-HDGMCFC1N,,1418.377804,6424.417112,11332.29879,18203.33313,37834.85983,37834.85983,37834.85983,37834.85983,37834.85983
HDG88,ELC93PP-HDGT1N,,,,,,20793.48128,248636.9466,436069.0644,504666.2353,504639.844
HDG88,ELC99PP-LIB1N,,,,16736.02501,103741.364,110966.9013,67579.58663,62274.42508,31747.31687,31806.939
HDG88,ELCHHT12ANK-CHP1E-I,2504.809641,5218.353419,5218.353419,1186.162709,,,,,,
HDG88,ELCHHT46PEC-CHP1E-I,108.3594725,225.7489011,225.7489011,,,,,,,
HDG88,ELCHHT47OPP-CHP1E-I,346.3585198,721.5802495,721.5802495,445.1392315,,,,,,
HDG88,ELCHLT27BKC-CHP1E-R,2767.104966,968.4867382,968.4867382,968.4867382,,,,,,
HDG88,ELCHLT51NGL-CHP1E-R,3207.210769,3897.723458,2050.880893,204.0383273,,,,,,
HDG88,IMP71ELC1E,,,,,,,12372.09741,33100,,
HDG90,ELC-CHP-OUT,8933.843369,11031.89277,9185.050201,2813.66743,,,,,,
HDG90,ELC-REN-SPV-OUT,6898.005873,19521.32096,42822.12924,183889.0968,375295.4983,398304.5987,412619.7727,419484.3835,374391.0958,380676.6161
HDG90,ELC-REN-WND-OUT,2162.590627,3548.122285,19185.28806,34976.61355,73113.42422,147331.3536,128926.9949,92627.27705,123447.695,118088.9857
HDG90,ELC11PP-ANS1E,4428.669988,2979.785302,2979.785302,,,,,,,
HDG90,ELC14PP-BSCTP1E,229808.272,228699.2526,174961.4616,9323.321351,,,,,,
HDG90,ELC14PP-BSCTP1N,,,42591.0556,,,,,,,
HDG90,ELC14PP-IGCC1E,1286.331115,2337.151658,2337.151658,2045.683358,,,,,,
HDG90,ELC51NGL-NGLCCwCHP1E,21251.71565,21251.71565,21251.71565,21251.71565,19914.31928,16251.41486,12588.51044,,,
HDG90,ELC51PP-NGLCC1E,92656.8095,77724.48639,61220.05187,159125.4112,110592.9017,98638.78433,,,,
HDG90,ELC51PP-NGLCC1N,,18446.1147,47175.57446,105675.6884,48108.13148,17108.318,,,,
HDG90,ELC51PP-NGLCCCC1N,,,,,,,,43647.7417,39816.39516,39815.70635
HDG90,ELC51PP-NGLCT1N,,,,4611.937247,,,,,,
HDG90,ELC62PP-NURAPR1N,,9631.717786,48158.58893,48158.58893,48158.58893,48158.58893,48158.58893,48158.58893,48158.58893,48158.58893
HDG90,ELC62PP-NUROPR1E,76905.34471,78429.70197,78429.70197,78429.70197,71549.90355,57790.30672,30271.11304,30271.11304,9631.717786,9631.717786
HDG90,ELC62PP-NURPWR1E,56329.79196,57446.3168,33367.02233,13759.59684,,,,,,
HDG90,ELC63PP-EUROPR1E,14699.79515,14445.39578,14445.39578,,,,,,,
HDG90,ELC64PP-GHY1E,2264.558089,2772.567527,2772.567527,2772.567527,2772.567527,2772.567527,2772.567527,2772.567527,2772.567527,2772.567527
HDG90,ELC65PP-PHY1E,,4186.046512,4186.046512,4186.046512,4186.046512,5148.893721,4186.046512,4186.046512,4186.046512,4186.046512
HDG90,ELC65PP-PHY1N,,,,445.324097,1603.166749,1971.916744,1603.166749,1603.166749,1603.166749,1603.166749
HDG90,ELC66PP-SHY04MW1E,7.373502813,6.222492837,6.222492837,6.222492837,6.222492837,6.222492837,6.222492837,6.222492837,6.222492837,6.222492837
HDG90,ELC66PP-SHY3MW1E,151.5552024,92.45572667,92.45572667,92.45572667,92.45572667,92.45572667,92.45572667,92.45572667,92.45572667,92.45572667
HDG90,ELC66PP-SHY3MW1N,,38.56192744,152.4948949,310.2482344,508.3163163,508.3163163,508.3163163,508.3163163,508.3163163,508.3163163
HDG90,ELC82PP-SPV1E,6898.005873,6898.005873,6898.005873,6751.434782,6833.254677,,,,,
HDG90,ELC82PP-SPV1N,,12623.31508,35924.12336,188086.0219,390326.7806,432155.9376,502806.9155,502806.9155,502806.9155,502806.9155
HDG90,ELC83PP-BMS1E,3728.815687,3728.815687,3728.815687,3728.815687,3728.815687,3728.815687,3728.815687,3728.815687,3728.815687,3728.815687
HDG90,ELC83PP-BMS1N,,5035.258732,6174.588406,6875.71436,8628.529244,8628.529244,8628.529244,8628.529244,8628.529244,8628.529244
HDG90,ELC83PP-BMSLFG1E,,,,,409.1682583,403.6492125,604.3355156,604.3355156,569.9104674,567.5648729
HDG90,ELC83PP-BMSLFG1N,604.3355156,604.3355156,604.3355156,604.3355156,604.3355156,604.3355156,604.3355156,604.3355156,604.3355156,604.3355156
HDG90,ELC89PP-WND1E,2162.590627,2299.06493,2526.522102,2753.979274,2741.752857,,,,,
HDG90,ELC89PP-WND1N,,321.7268945,10544.31253,13386.52268,54305.30494,53858.64317,54407.54351,54407.54351,54109.15334,54407.54351
HDG90,ELC89PP-WNDOFF1N,,927.3304605,6114.453421,24029.99838,27342.72104,118333.5168,118971.1618,118971.1618,118340.342,118971.1618
HDG90,ELC90PP-MSW1E,686.9926559,1483.084718,1483.084718,1483.084718,1483.084718,1483.084718,1483.084718,1483.084718,1483.084718,1483.084718
HDG90,ELC90PP-MSWOFF1E,9346.957555,7603.00984,7603.00984,7603.00984,7603.00984,7603.00984,7603.00984,7603.00984,7603.00984,7603.00984
HDG90,ELC92PP-OCE1E,489.6934801,489.4823309,489.4823309,489.4823309,489.4823309,489.4823309,489.4823309,489.4823309,489.4823309,489.4823309
HDG90,ELC92PP-OCE1N,,1.928096372,1.928096372,1.928096372,1.928096372,1.928096372,1.928096372,1.928096372,1.928096372,1.928096372
HDG90,ELC93PP-HDGMCFC1E,1428.193567,1428.193567,1428.193567,1428.193567,1428.193567,1428.193567,1428.193567,1428.193567,1428.193567,1428.193567
HDG90,ELC93PP-HDGMCFC1N,,1418.377804,6424.417112,11332.29879,18203.33313,37834.85983,37834.85983,37834.85983,37834.85983,37834.85983
HDG90,ELC93PP-HDGT1N,,,,,,16586.19115,248636.9466,431292.8638,499790.8593,499803.1741
HDG90,ELC99PP-LIB1N,,,,16671.21543,103741.364,113313.1814,69427.7755,63774.98045,34533.4017,34560.38657
HDG90,ELCHHT12ANK-CHP1E-I,2504.809641,5218.353419,5218.353419,1208.754346,,,,,,
HDG90,ELCHHT46PEC-CHP1E-I,108.3594725,225.7489011,225.7489011,,,,,,,
HDG90,ELCHHT47OPP-CHP1E-I,346.3585198,721.5802495,721.5802495,432.3880189,,,,,,
HDG90,ELCHLT27BKC-CHP1E-R,2767.104966,968.4867382,968.4867382,968.4867382,,,,,,
HDG90,ELCHLT51NGL-CHP1E-R,3207.210769,3897.723458,2050.880893,204.0383273,,,,,,
HDG90,IMP71ELC1E,,,,,,,9622.881159,33100,,
HDG92,ELC-CHP-OUT,8933.843369,11031.89277,9185.050201,2984.572101,,,,,,
HDG92,ELC-REN-SPV-OUT,6898.005873,19521.32096,42822.12924,184643.1184,376555.2198,410037.0753,406185.6279,416688.7237,383599.3808,380036.7451
HDG92,ELC-REN-WND-OUT,2162.590627,3548.122285,19185.28806,34822.44146,69924.15289,142176.7285,138288.0713,99848.44311,119158.7151,122431.2387
HDG92,ELC11PP-ANS1E,4428.669988,2979.785302,2979.785302,,,,,,,
HDG92,ELC14PP-BSCTP1E,229808.272,228699.2526,174961.4616,9167.642366,,,,,,
HDG92,ELC14PP-BSCTP1N,,,42591.0556,,,,,,,
HDG92,ELC14PP-IGCC1E,1286.331115,2337.151658,2337.151658,2045.683358,,,,,,
HDG92,ELC51NGL-NGLCCwCHP1E,21251.71565,21251.71565,21251.71565,21251.71565,19914.31928,16251.41486,12588.51044,,,
HDG92,ELC51PP-NGLCC1E,92656.8095,84533.58318,60998.54703,158987.3277,110592.9017,99633.55282,,,,
HDG92,ELC51PP-NGLCC1N,,11637.01792,47397.0793,105672.5172,48108.13148,17774.45125,,,,
HDG92,ELC51PP-NGLCCCC1N,,,,,,,,43899.77252,40097.90783,40099.11762
HDG92,ELC51PP-NGLCT1N,,,,4618.559249,,,,,,
HDG92,ELC62PP-NURAPR1N,,9631.717786,48158.58893,48158.58893,48158.58893,48158.58893,48158.58893,48158.58893,48158.58893,48158.58893
HDG92,ELC62PP-NUROPR1E,76905.34471,78429.70197,78429.70197,78429.70197,71549.90355,57790.30672,30271.11304,30271.11304,9631.717786,9631.717786
HDG92,ELC62PP-NURPWR1E,56329.79196,57446.3168,33367.02233,13759.59684,,,,,,
HDG92,ELC63PP-EUROPR1E,14699.79515,14445.39578,14445.39578,,,,,,,
HDG92,ELC64PP-GHY1E,2264.558089,2772.567527,2772.567527,2772.567527,2772.567527,2772.567527,2772.567527,2772.567527,2772.567527,2772.567527
HDG92,ELC65PP-PHY1E,,4186.046512,4186.046512,4186.046512,4186.046512,5148.893721,4186.046512,4186.046512,4186.046512,4186.046512
HDG92,ELC65PP-PHY1N,,,,445.324097,1603.166749,1971.916744,1603.166749,1603.166749,1603.166749,1603.166749
HDG92,ELC66PP-SHY04MW1E,7.373502813,6.222492837,6.222492837,6.222492837,6.222492837,6.222492837,6.222492837,6.222492837,6.222492837,6.222492837
HDG92,ELC66PP-SHY3MW1E,151.5552024,92.45572667,92.45572667,92.45572667,92.45572667,92.45572667,92.45572667,92.45572667,92.45572667,92.45572667
HDG92,ELC66PP-SHY3MW1N,,38.56192744,152.4948949,310.2482344,508.3163163,508.3163163,508.3163163,508.3163163,508.3163163,508.3163163
HDG92,ELC82PP-SPV1E,6898.005873,6898.005873,6898.005873,6898.005873,6739.541863,,,,,
HDG92,ELC82PP-SPV1N,,12623.31508,35924.12336,188634.4624,388630.6523,432850.0961,502806.9155,502806.9155,502806.9155,502806.9155
HDG92,ELC83PP-BMS1E,3728.815687,3728.815687,3728.815687,3728.815687,3728.815687,3728.815687,3728.815687,3728.815687,3728.815687,3728.815687
HDG92,ELC83PP-BMS1N,,5035.258732,6174.588406,6875.71436,8628.529244,8628.529244,8628.529244,8628.529244,8628.529244,8628.529244
HDG92,ELC83PP-BMSLFG1E,,,,,409.1682583,403.6492125,604.3355156,604.3355156,565.9091592,565.9091592
HDG92,ELC83PP-BMSLFG1N,604.3355156,604.3355156,604.3355156,604.3355156,604.3355156,604.3355156,604.3355156,604.3355156,604.3355156,604.3355156
HDG92,ELC89PP-WND1E,2162.590627,2299.06493,2526.522102,2753.979274,2753.979274,,,,,
HDG92,ELC89PP-WND1N,,321.7268945,10544.31253,13386.52268,54407.54351,53817.24139,54407.54351,54407.54351,54120.72898,53978.79929
HDG92,ELC89PP-WNDOFF1N,,927.3304605,6114.453421,24029.99838,27394.19816,118197.5215,118971.1618,118971.1618,118432.0396,118348.1793
HDG92,ELC90PP-MSW1E,686.9926559,1483.084718,1483.084718,1483.084718,1483.084718,1483.084718,1483.084718,1483.084718,1483.084718,1483.084718
HDG92,ELC90PP-MSWOFF1E,9346.957555,7603.00984,7603.00984,7603.00984,7603.00984,7603.00984,7603.00984,7603.00984,7603.00984,7603.00984
HDG92,ELC92PP-OCE1E,489.6934801,489.4823309,489.4823309,489.4823309,489.4823309,489.4823309,489.4823309,489.4823309,489.4823309,489.4823309
HDG92,ELC92PP-OCE1N,,1.928096372,1.928096372,1.928096372,1.928096372,1.928096372,1.928096372,1.928096372,1.928096372,1.928096372
HDG92,ELC93PP-HDGMCFC1E,1428.193567,1428.193567,1428.193567,1428.193567,1428.193567,1428.193567,1428.193567,1428.193567,1428.193567,1428.193567
HDG92,ELC93PP-HDGMCFC1N,,1418.377804,6424.417112,11332.29879,18203.33313,37834.85983,37834.85983,37834.85983,37834.85983,37834.85983
HDG92,ELC93PP-HDGT1N,,,,,,12626.26866,248636.9466,426786.9789,494757.8889,494736.26
HDG92,ELC99PP-LIB1N,,,,16559.47274,103741.364,115513.5785,71195.60833,65249.40521,35022.66255,35082.21175
HDG92,ELCHHT12ANK-CHP1E-I,2504.809641,5218.353419,5218.353419,1366.907803,,,,,,
HDG92,ELCHHT46PEC-CHP1E-I,108.3594725,225.7489011,225.7489011,,,,,,,
HDG92,ELCHHT47OPP-CHP1E-I,346.3585198,721.5802495,721.5802495,445.1392315,,,,,,
HDG92,ELCHLT27BKC-CHP1E-R,2767.104966,968.4867382,968.4867382,968.4867382,,,,,,
HDG92,ELCHLT51NGL-CHP1E-R,3207.210769,3897.723458,2050.880893,204.0383273,,,,,,
HDG92,IMP71ELC1E,,,,,,,6993.196051,33100,,
HDG94,ELC-CHP-OUT,8933.843369,11031.89277,9185.050201,2984.572101,,,,,,
HDG94,ELC-REN-SPV-OUT,6898.005873,19521.32096,42822.12924,184108.5178,369908.2817,406689.3786,409510.3329,409024.3137,388481.6928,381158.9923
HDG94,ELC-REN-WND-OUT,2162.590627,3548.122285,19185.28806,35210.21271,76503.38456,145696.6063,137765.7476,111698.2153,119234.5869,126633.3646
HDG94,ELC11PP-ANS1E,4428.669988,2979.785302,2979.785302,,,,,,,
HDG94,ELC14PP-BSCTP1E,229808.272,228699.2526,174961.4616,9167.642366,,,,,,
HDG94,ELC14PP-BSCTP1N,,,42591.0556,,,,,,,
HDG94,ELC14PP-IGCC1E,1286.331115,2337.151658,2337.151658,2045.683358,,,,,,
HDG94,ELC51NGL-NGLCCwCHP1E,21251.71565,21251.71565,21251.71565,21251.71565,19914.31928,16251.41486,12588.51044,,,
HDG94,ELC51PP-NGLCC1E,92656.8095,79184.09726,53415.34168,158987.3277,110592.9017,100554.7157,,,,
HDG94,ELC51PP-NGLCC1N,,16986.50384,54980.28465,105672.5172,48108.13148,18446.78479,,,,
HDG94,ELC51PP-NGLCCCC1N,,,,,,,,44136.26164,40331.21894,40332.26482
HDG94,ELC51PP-NGLCT1N,,,,4618.559249,,,,,,
HDG94,ELC62PP-NURAPR1N,,9631.717786,48158.58893,48158.58893,48158.58893,48158.58893,48158.58893,48158.58893,48158.58893,48158.58893
HDG94,ELC62PP-NUROPR1E,76905.34471,78429.70197,78429.70197,78429.70197,71549.90355,57790.30672,30271.11304,30271.11304,9631.717786,9631.717786
HDG94,ELC62PP-NURPWR1E,56329.79196,57446.3168,33367.02233,13759.59684,,,,,,
HDG94,ELC63PP-EUROPR1E,14699.79515,14445.39578,14445.39578,,,,,,,
HDG94,ELC64PP-GHY1E,2264.558089,2772.567527,2772.567527,2772.567527,2772.567527,2772.567527,2772.567527,2772.567527,2772.567527,2772.567527
HDG94,ELC65PP-PHY1E,,4186.046512,4186.046512,4186.046512,4186.046512,5148.893721,4186.046512,4186.046512,4186.046512,4186.046512
HDG94,ELC65PP-PHY1N,,,,445.324097,1603.166749,1971.916744,1603.166749,1603.166749,1603.166749,1603.166749
HDG94,ELC66PP-SHY04MW1E,7.373502813,6.222492837,6.222492837,6.222492837,6.222492837,6.222492837,6.222492837,6.222492837,6.222492837,6.222492837
HDG94,ELC66PP-SHY3MW1E,151.5552024,92.45572667,92.45572667,92.45572667,92.45572667,92.45572667,92.45572667,92.45572667,92.45572667,92.45572667
HDG94,ELC66PP-SHY3MW1N,,38.56192744,152.4948949,310.2482344,508.3163163,508.3163163,508.3163163,508.3163163,508.3163163,508.3163163
HDG94,ELC82PP-SPV1E,6898.005873,6898.005873,6898.005873,6832.141291,6737.746211,,,,,
HDG94,ELC82PP-SPV1N,,12623.31508,35924.12336,188529.5586,390253.2548,433544.2186,502806.9155,502806.9155,502806.9155,502806.9155
HDG94,ELC83PP-BMS1E,3728.815687,3728.815687,3728.815687,3728.815687,3728.815687,3728.815687,3728.815687,3728.815687,3728.815687,3728.815687
HDG94,ELC83PP-BMS1N,,5035.258732,6174.588406,6875.71436,8628.529244,8628.529244,8628.529244,8628.529244,8628.529244,8628.529244
HDG94,ELC83PP-BMSLFG1E,,,,,409.1682583,403.6492125,604.3355156,604.3355156,565.9091592,565.9091592
HDG94,ELC83PP-BMSLFG1N,604.3355156,604.3355156,604.3355156,604.3355156,604.3355156,604.3355156,604.3355156,604.3355156,604.3355156,604.3355156
HDG94,ELC89PP-WND1E,2162.590627,2299.06493,2526.522102,2753.979274,2748.545705,,,,,
HDG94,ELC89PP-WND1N,,321.7268945,10544.31253,13386.52268,54407.54351,53968.83294,54407.54351,54407.54351,54162.08651,54162.01673
HDG94,ELC89PP-WNDOFF1N,,927.3304605,6114.453421,24029.99838,27341.29407,118272.8093,118971.1618,118971.1618,118971.1618,118971.1618
HDG94,ELC90PP-MSW1E,686.9926559,1483.084718,1483.084718,1483.084718,1483.084718,1483.084718,1483.084718,1483.084718,1483.084718,1483.084718
HDG94,ELC90PP-MSWOFF1E,9346.957555,7603.00984,7603.00984,7603.00984,7603.00984,7603.00984,7603.00984,7603.00984,7603.00984,7603.00984
HDG94,ELC92PP-OCE1E,489.6934801,489.4823309,489.4823309,489.4823309,489.4823309,489.4823309,489.4823309,489.4823309,489.4823309,489.4823309
HDG94,ELC92PP-OCE1N,,1.928096372,1.928096372,1.928096372,1.928096372,1.928096372,1.928096372,1.928096372,1.928096372,1.928096372
HDG94,ELC93PP-HDGMCFC1E,1428.193567,1428.193567,1428.193567,1428.193567,1428.193567,1428.193567,1428.193567,1428.193567,1428.193567,1428.193567
HDG94,ELC93PP-HDGMCFC1N,,1418.377804,6424.417112,11332.29879,18203.33313,37834.85983,37834.85983,37834.85983,37834.85983,37834.85983
HDG94,ELC93PP-HDGT1N,,,,,,8827.025549,248636.9466,422558.9535,490586.6809,490567.9824
HDG94,ELC99PP-LIB1N,,,,16559.47274,103741.364,117620.3417,72888.21424,66827.7363,38567.14972,38628.20836
HDG94,ELCHHT12ANK-CHP1E-I,2504.809641,5218.353419,5218.353419,1366.907803,,,,,,
HDG94,ELCHHT46PEC-CHP1E-I,108.3594725,225.7489011,225.7489011,,,,,,,
HDG94,ELCHHT47OPP-CHP1E-I,346.3585198,721.5802495,721.5802495,445.1392315,,,,,,
HDG94,ELCHLT27BKC-CHP1E-R,2767.104966,968.4867382,968.4867382,968.4867382,,,,,,
HDG94,ELCHLT51NGL-CHP1E-R,3207.210769,3897.723458,2050.880893,204.0383273,,,,,,
HDG94,IMP71ELC1E,,,,,,,4475.412437,33100,,
