scenario,process_original,process,2017,2020,2025,2030,2035,2040,2045,2050,2055,2060
OSP_CN_HHCH,ELC-CHP-OUT,Dummy,711.8399415,1047.569266,1295.216325,1198.4519,638.4970356,512.6146826,359.6735062,,,
OSP_CN_HHCH,ELC-REN-SPV-OUT,Dummy,593.2285051,1678.833602,3682.703114,7885.00007,10667.18646,17013.94057,31794.76756,35969.64202,35630.28593,35588.09468
OSP_CN_HHCH,ELC-REN-WND-OUT,Dummy,185.9827939,305.1385165,1649.934773,3328.818134,6554.734614,6567.727234,6486.726327,6467.659283,6300.875294,6415.879438
OSP_CN_HHCH,ELC11PP-ANS1E,석탄,380.8656189,256.261536,256.261536,,,,,,,
OSP_CN_HHCH,ELC14PP-BSCTP1E,석탄,19763.51139,19668.13573,15046.68569,10458.97174,5383.004053,,,,,
OSP_CN_HHCH,ELC14PP-BSCTP1N,석탄,,,3662.830782,1788.286481,,,,,,
OSP_CN_HHCH,ELC14PP-BSCTPCC1N,석탄+CCS,,,,,,,,510.7501474,,
OSP_CN_HHCH,ELC14PP-IGCC1E,신에너지,110.6244759,200.9950426,200.9950426,,200.9950426,,,,,
OSP_CN_HHCH,ELC51NGL-NGLCCwCHP1E,천연가스CC,1827.647546,1827.647546,1827.647546,1827.647546,1827.647546,1827.647546,1827.647546,,,
OSP_CN_HHCH,ELC51PP-NGLCC1E,천연가스CC,2574.579577,1969.648563,1085.072034,7087.601606,11453.04562,12536.17427,5109.997289,,,
OSP_CN_HHCH,ELC51PP-NGLCC1N,천연가스CC,,78.73087372,67.04918913,,423.0133847,1962.623151,289.3430482,,,
OSP_CN_HHCH,ELC51PP-NGLCCCC1N,천연가스CC+CCS,,,,,,682.3235593,1870.673313,5842.64553,6621.545487,6655.055884
OSP_CN_HHCH,ELC62PP-NURAPR1N,원자력,,828.3277296,4141.638648,4141.638648,4141.638648,4141.638648,4141.638648,4141.638648,4141.638648,4141.638648
OSP_CN_HHCH,ELC62PP-NUROPR1E,원자력,6613.859645,6744.95437,6744.95437,6744.95437,6153.291706,4969.966378,2603.315722,2603.315722,828.3277296,828.3277296
OSP_CN_HHCH,ELC62PP-NURPWR1E,원자력,4844.362109,4940.383244,2869.56392,1183.325328,,,,,,
OSP_CN_HHCH,ELC63PP-EUROPR1E,원자력,1264.182383,1242.304037,1242.304037,,,,,,,
OSP_CN_HHCH,ELC64PP-GHY1E,기타재생,194.7519956,238.4408073,238.4408073,238.4408073,238.4408073,238.4408073,238.4408073,238.4408073,238.4408073,238.4408073
OSP_CN_HHCH,ELC65PP-PHY1E,양수,,360,360,360,360,360,442.80486,360,360,360
OSP_CN_HHCH,ELC65PP-PHY1N,양수,,,,38.29787234,137.8723404,137.8723404,169.58484,137.8723404,137.8723404,137.8723404
OSP_CN_HHCH,ELC66PP-SHY04MW1E,기타재생,0.634121242,0.535134384,0.535134384,0.535134384,0.535134384,0.535134384,0.535134384,0.535134384,0.535134384,0.535134384
OSP_CN_HHCH,ELC66PP-SHY3MW1E,기타재생,13.03374741,7.951192494,7.951192494,7.951192494,7.951192494,7.951192494,7.951192494,7.951192494,7.951192494,7.951192494
OSP_CN_HHCH,ELC66PP-SHY3MW1N,기타재생,,3.31632576,13.11456096,26.68134816,43.7152032,43.7152032,43.7152032,43.7152032,43.7152032,43.7152032
OSP_CN_HHCH,ELC82PP-SPV1E,태양광,593.2285051,593.2285051,593.2285051,593.2285051,593.2285051,,,,,
OSP_CN_HHCH,ELC82PP-SPV1N,태양광,,1085.605097,3089.474609,7495.983241,10659.41037,19152.19395,34870.24022,43241.39474,43241.39474,43241.39474
OSP_CN_HHCH,ELC83PP-BMS1E,기타재생,320.678149,320.678149,320.678149,320.678149,320.678149,320.678149,320.678149,320.678149,320.678149,320.678149
OSP_CN_HHCH,ELC83PP-BMS1N,기타재생,,433.032251,531.014603,591.311435,742.053515,742.053515,742.053515,742.053515,742.053515,742.053515
OSP_CN_HHCH,ELC83PP-BMSLFG1E,기타재생,,,,,,,34.00187537,20.69421415,33.45604174,20.69421415
OSP_CN_HHCH,ELC83PP-BMSLFG1N,기타재생,51.97285434,51.97285434,51.97285434,51.97285434,51.97285434,51.97285434,51.97285434,51.97285434,51.97285434,51.97285434
OSP_CN_HHCH,ELC89PP-WND1E,풍력,185.9827939,197.719584,217.2809008,236.8422176,236.8422176,,,,,
OSP_CN_HHCH,ELC89PP-WND1N,풍력,,27.66851292,906.8108778,1151.240951,4679.048742,4551.146026,4564.313896,4679.048742,4679.048742,4679.048742
OSP_CN_HHCH,ELC89PP-WNDOFF1N,해상풍력,,79.7504196,525.8429942,2066.579861,2066.579861,2025.629945,2015.905304,2066.579861,2066.579861,2066.579861
OSP_CN_HHCH,ELC90PP-MSW1E,기타재생,59.08136841,127.5452858,127.5452858,127.5452858,127.5452858,127.5452858,127.5452858,127.5452858,127.5452858,127.5452858
OSP_CN_HHCH,ELC90PP-MSWOFF1E,기타재생,803.8383498,653.8588462,653.8588462,653.8588462,653.8588462,653.8588462,653.8588462,653.8588462,653.8588462,653.8588462
OSP_CN_HHCH,ELC92PP-OCE1E,기타재생,42.11363929,42.09548046,42.09548046,42.09548046,42.09548046,42.09548046,42.09548046,42.09548046,42.09548046,42.09548046
OSP_CN_HHCH,ELC92PP-OCE1N,기타재생,,0.165816288,0.165816288,0.165816288,0.165816288,0.165816288,0.165816288,0.165816288,0.165816288,0.165816288
OSP_CN_HHCH,ELC93PP-HDGMCFC1E,신에너지,122.8246468,175.4637811,175.4637811,175.4637811,153.5308085,122.8246468,148.7736569,157.3114921,160.6164606,159.4647292
OSP_CN_HHCH,ELC93PP-HDGMCFC1N,신에너지,,174.2578445,789.2855309,1392.253851,2124.64211,3253.797945,4966.445369,21791.96069,23972.4477,23659.44092
OSP_CN_HHCH,ELC93PP-HDGSOFC1N,신에너지,,,,352.9199452,352.9199452,352.9199452,352.9199452,,,
OSP_CN_HHCH,ELC99PP-LIB1N,ESS,,,,40.8213485,60.31358678,1049.645741,9042.420796,8964.600197,8934.583681,7783.995121
OSP_CN_HHCH,ELCHHT12ANK-CHP1E-I,석탄,215.4136292,448.7783941,448.7783941,448.7783941,,,,,,
OSP_CN_HHCH,ELCHHT46PEC-CHP1E-I,석유,9.318914636,19.41440549,19.41440549,,,,,,,
OSP_CN_HHCH,ELCHHT47OPP-CHP1E-I,석유,29.7868327,62.05590146,62.05590146,,,,,,,
OSP_CN_HHCH,ELCHLT27BKC-CHP1E-R,석유,237.9710271,83.28985949,83.28985949,83.28985949,,,,,,
OSP_CN_HHCH,ELCHLT51NGL-CHP1E-R,천연가스CC,219.3495379,434.0307055,681.6777643,666.3836467,,,,,,
OSP_CN_HHCH,ELCHLT51NGL-CHP1N-R,천연가스CC,,,,,638.4970356,512.6146826,359.6735062,,,
OSP_CN_HHCH_CCUS_a,ELC-CHP-OUT,Dummy,711.8399415,1047.569266,1295.216325,1198.4519,638.4970356,512.6146826,359.6735062,,,
OSP_CN_HHCH_CCUS_a,ELC-REN-SPV-OUT,Dummy,593.2285051,1678.833602,3682.703114,7767.8266,10517.76481,17062.19705,31927.30902,35780.28766,35559.25898,35263.02302
OSP_CN_HHCH_CCUS_a,ELC-REN-WND-OUT,Dummy,185.9827939,305.1385165,1649.934773,3318.648913,6555.586089,6621.010633,6522.15845,6346.134045,6365.70035,6745.628603
OSP_CN_HHCH_CCUS_a,ELC11PP-ANS1E,석탄,380.8656189,256.261536,256.261536,,,,,,,
OSP_CN_HHCH_CCUS_a,ELC14PP-BSCTP1E,석탄,19763.51139,19668.13573,15046.68569,10458.97174,5122.010155,,,,,
OSP_CN_HHCH_CCUS_a,ELC14PP-BSCTP1N,석탄,,,3662.830782,1568.884248,,,,,,
OSP_CN_HHCH_CCUS_a,ELC14PP-BSCTPCC1N,석탄+CCS,,,,,,,,67.89089389,,
OSP_CN_HHCH_CCUS_a,ELC14PP-IGCC1E,신에너지,110.6244759,200.9950426,200.9950426,,200.9950426,,,,,
OSP_CN_HHCH_CCUS_a,ELC51NGL-NGLCCwCHP1E,천연가스CC,1827.647546,1827.647546,1827.647546,1827.647546,1827.647546,1827.647546,1827.647546,,,
OSP_CN_HHCH_CCUS_a,ELC51PP-NGLCC1E,천연가스CC,2574.579577,1954.338515,1090.042146,6797.751847,11219.42376,12515.76281,5100.957837,,,
OSP_CN_HHCH_CCUS_a,ELC51PP-NGLCC1N,천연가스CC,,94.04092159,62.07907694,,377.7072416,1849.811066,298.3792599,,,
OSP_CN_HHCH_CCUS_a,ELC51PP-NGLCCCC1N,천연가스CC+CCS,,,,,,670.7621067,3442.762136,5832.041711,5718.889918,5757.407299
OSP_CN_HHCH_CCUS_a,ELC62PP-NURAPR1N,원자력,,828.3277296,4141.638648,4141.638648,4141.638648,4141.638648,4141.638648,4141.638648,4141.638648,4141.638648
OSP_CN_HHCH_CCUS_a,ELC62PP-NUROPR1E,원자력,6613.859645,6744.95437,6744.95437,6744.95437,6153.291706,4969.966378,2603.315722,2603.315722,828.3277296,828.3277296
OSP_CN_HHCH_CCUS_a,ELC62PP-NURPWR1E,원자력,4844.362109,4940.383244,2869.56392,1183.325328,,,,,,
OSP_CN_HHCH_CCUS_a,ELC63PP-EUROPR1E,원자력,1264.182383,1242.304037,1242.304037,,,,,,,
OSP_CN_HHCH_CCUS_a,ELC64PP-GHY1E,기타재생,194.7519956,238.4408073,238.4408073,238.4408073,238.4408073,238.4408073,238.4408073,238.4408073,238.4408073,238.4408073
OSP_CN_HHCH_CCUS_a,ELC65PP-PHY1E,양수,,360,360,360,360,360,442.80486,360,360,360
OSP_CN_HHCH_CCUS_a,ELC65PP-PHY1N,양수,,,,38.29787234,137.8723404,137.8723404,169.58484,137.8723404,137.8723404,137.8723404
OSP_CN_HHCH_CCUS_a,ELC66PP-SHY04MW1E,기타재생,0.634121242,0.535134384,0.535134384,0.535134384,0.535134384,0.535134384,0.535134384,0.535134384,0.535134384,0.535134384
OSP_CN_HHCH_CCUS_a,ELC66PP-SHY3MW1E,기타재생,13.03374741,7.951192494,7.951192494,7.951192494,7.951192494,7.951192494,7.951192494,7.951192494,7.951192494,7.951192494
OSP_CN_HHCH_CCUS_a,ELC66PP-SHY3MW1N,기타재생,,3.31632576,13.11456096,26.68134816,43.7152032,43.7152032,43.7152032,43.7152032,43.7152032,43.7152032
OSP_CN_HHCH_CCUS_a,ELC82PP-SPV1E,태양광,593.2285051,593.2285051,593.2285051,593.2285051,593.2285051,,,,,
OSP_CN_HHCH_CCUS_a,ELC82PP-SPV1N,태양광,,1085.605097,3089.474609,7365.55563,10503.38794,19204.19065,35155.60197,42904.75352,43241.39474,43241.39474
OSP_CN_HHCH_CCUS_a,ELC83PP-BMS1E,기타재생,320.678149,320.678149,320.678149,320.678149,320.678149,320.678149,320.678149,320.678149,320.678149,320.678149
OSP_CN_HHCH_CCUS_a,ELC83PP-BMS1N,기타재생,,433.032251,531.014603,591.311435,742.053515,742.053515,742.053515,742.053515,742.053515,742.053515
OSP_CN_HHCH_CCUS_a,ELC83PP-BMSLFG1E,기타재생,,,,,,,34.00187537,20.69421415,51.97285434,34.3400549
OSP_CN_HHCH_CCUS_a,ELC83PP-BMSLFG1N,기타재생,51.97285434,51.97285434,51.97285434,51.97285434,51.97285434,51.97285434,51.97285434,51.97285434,51.97285434,51.97285434
OSP_CN_HHCH_CCUS_a,ELC89PP-WND1E,풍력,185.9827939,197.719584,217.2809008,236.8422176,236.8422176,,,,,
OSP_CN_HHCH_CCUS_a,ELC89PP-WND1N,풍력,,27.66851292,906.8108778,1151.240951,4679.048742,4595.380688,4564.313896,4679.048742,4679.048742,4679.048742
OSP_CN_HHCH_CCUS_a,ELC89PP-WNDOFF1N,해상풍력,,79.7504196,525.8429942,2066.579861,2066.579861,2025.629945,2015.905304,2066.579861,2066.579861,2066.579861
OSP_CN_HHCH_CCUS_a,ELC90PP-MSW1E,기타재생,59.08136841,127.5452858,127.5452858,127.5452858,127.5452858,127.5452858,127.5452858,127.5452858,127.5452858,127.5452858
OSP_CN_HHCH_CCUS_a,ELC90PP-MSWOFF1E,기타재생,803.8383498,653.8588462,653.8588462,653.8588462,653.8588462,653.8588462,653.8588462,653.8588462,653.8588462,653.8588462
OSP_CN_HHCH_CCUS_a,ELC92PP-OCE1E,기타재생,42.11363929,42.09548046,42.09548046,42.09548046,42.09548046,42.09548046,42.09548046,42.09548046,42.09548046,42.09548046
OSP_CN_HHCH_CCUS_a,ELC92PP-OCE1N,기타재생,,0.165816288,0.165816288,0.165816288,0.165816288,0.165816288,0.165816288,0.165816288,0.165816288,0.165816288
OSP_CN_HHCH_CCUS_a,ELC93PP-HDGMCFC1E,신에너지,122.8246468,175.4637811,175.4637811,175.4637811,160.6915735,122.8246468,151.4276467,157.3114921,167.4266987,161.3175145
OSP_CN_HHCH_CCUS_a,ELC93PP-HDGMCFC1N,신에너지,,174.2578445,789.2855309,1392.253851,2100.50663,3253.797945,4366.041775,21680.80961,23992.39617,23637.40659
OSP_CN_HHCH_CCUS_a,ELC93PP-HDGSOFC1N,신에너지,,,,326.1172087,326.1172087,326.1172087,326.1172087,,,
OSP_CN_HHCH_CCUS_a,ELC99PP-LIB1N,ESS,,,,41.1981028,60.16335755,1251.165652,9004.463584,8926.642985,8896.626468,7556.492909
OSP_CN_HHCH_CCUS_a,ELCHHT12ANK-CHP1E-I,석탄,215.4136292,448.7783941,448.7783941,448.7783941,,,,,,
OSP_CN_HHCH_CCUS_a,ELCHHT46PEC-CHP1E-I,석유,9.318914636,19.41440549,19.41440549,,,,,,,
OSP_CN_HHCH_CCUS_a,ELCHHT47OPP-CHP1E-I,석유,29.7868327,62.05590146,62.05590146,,,,,,,
OSP_CN_HHCH_CCUS_a,ELCHLT27BKC-CHP1E-R,석유,237.9710271,83.28985949,83.28985949,83.28985949,,,,,,
OSP_CN_HHCH_CCUS_a,ELCHLT51NGL-CHP1E-R,천연가스CC,219.3495379,434.0307055,681.6777643,666.3836467,,,,,,
OSP_CN_HHCH_CCUS_a,ELCHLT51NGL-CHP1N-R,천연가스CC,,,,,638.4970356,512.6146826,359.6735062,,,
OSP_CN_HHCH_CCUS_b,ELC-CHP-OUT,Dummy,711.8399415,1047.569266,1295.216325,1198.4519,638.4970356,512.6146826,359.6735062,,,
OSP_CN_HHCH_CCUS_b,ELC-REN-SPV-OUT,Dummy,593.2285051,1678.833602,3682.703114,7758.726954,10510.37222,17019.67899,31936.04877,35705.42216,35549.58275,35239.44702
OSP_CN_HHCH_CCUS_b,ELC-REN-WND-OUT,Dummy,185.9827939,305.1385165,1649.934773,3325.365848,6550.327647,6593.436332,6486.726327,6406.970234,6351.786792,6745.628603
OSP_CN_HHCH_CCUS_b,ELC11PP-ANS1E,석탄,380.8656189,256.261536,256.261536,,,,,,,
OSP_CN_HHCH_CCUS_b,ELC14PP-BSCTP1E,석탄,19763.51139,19668.13573,15046.68569,10458.97174,5099.97453,,,,,
OSP_CN_HHCH_CCUS_b,ELC14PP-BSCTP1N,석탄,,,3662.830782,1564.779008,,,,,,
OSP_CN_HHCH_CCUS_b,ELC14PP-IGCC1E,신에너지,110.6244759,200.9950426,200.9950426,,200.9950426,,,,,
OSP_CN_HHCH_CCUS_b,ELC51NGL-NGLCCwCHP1E,천연가스CC,1827.647546,1827.647546,1827.647546,1827.647546,1827.647546,1827.647546,1827.647546,,,
OSP_CN_HHCH_CCUS_b,ELC51PP-NGLCC1E,천연가스CC,2574.579577,1937.484398,1094.432913,6792.328463,11199.85159,12527.57512,5098.239456,,,
OSP_CN_HHCH_CCUS_b,ELC51PP-NGLCC1N,천연가스CC,,110.8950389,57.68831007,,373.4915121,1860.12173,301.096667,,,
OSP_CN_HHCH_CCUS_b,ELC51PP-NGLCCCC1N,천연가스CC+CCS,,,,,,434.179542,2882.251106,5067.488602,4808.231986,4846.755713
OSP_CN_HHCH_CCUS_b,ELC62PP-NURAPR1N,원자력,,828.3277296,4141.638648,4141.638648,4141.638648,4141.638648,4141.638648,4141.638648,4141.638648,4141.638648
OSP_CN_HHCH_CCUS_b,ELC62PP-NUROPR1E,원자력,6613.859645,6744.95437,6744.95437,6744.95437,6153.291706,4969.966378,2603.315722,2603.315722,828.3277296,828.3277296
OSP_CN_HHCH_CCUS_b,ELC62PP-NURPWR1E,원자력,4844.362109,4940.383244,2869.56392,1183.325328,,,,,,
OSP_CN_HHCH_CCUS_b,ELC63PP-EUROPR1E,원자력,1264.182383,1242.304037,1242.304037,,,,,,,
OSP_CN_HHCH_CCUS_b,ELC64PP-GHY1E,기타재생,194.7519956,238.4408073,238.4408073,238.4408073,238.4408073,238.4408073,238.4408073,238.4408073,238.4408073,238.4408073
OSP_CN_HHCH_CCUS_b,ELC65PP-PHY1E,양수,,360,360,360,360,360,442.80486,360,360,360
OSP_CN_HHCH_CCUS_b,ELC65PP-PHY1N,양수,,,,38.29787234,137.8723404,137.8723404,169.58484,137.8723404,137.8723404,137.8723404
OSP_CN_HHCH_CCUS_b,ELC66PP-SHY04MW1E,기타재생,0.634121242,0.535134384,0.535134384,0.535134384,0.535134384,0.535134384,0.535134384,0.535134384,0.535134384,0.535134384
OSP_CN_HHCH_CCUS_b,ELC66PP-SHY3MW1E,기타재생,13.03374741,7.951192494,7.951192494,7.951192494,7.951192494,7.951192494,7.951192494,7.951192494,7.951192494,7.951192494
OSP_CN_HHCH_CCUS_b,ELC66PP-SHY3MW1N,기타재생,,3.31632576,13.11456096,26.68134816,43.7152032,43.7152032,43.7152032,43.7152032,43.7152032,43.7152032
OSP_CN_HHCH_CCUS_b,ELC82PP-SPV1E,태양광,593.2285051,593.2285051,593.2285051,593.2285051,593.2285051,,,,,
OSP_CN_HHCH_CCUS_b,ELC82PP-SPV1N,태양광,,1085.605097,3089.474609,7363.115197,10490.05623,19213.66083,35150.00519,42889.0932,43241.39474,43241.39474
OSP_CN_HHCH_CCUS_b,ELC83PP-BMS1E,기타재생,320.678149,320.678149,320.678149,320.678149,320.678149,320.678149,320.678149,320.678149,320.678149,320.678149
OSP_CN_HHCH_CCUS_b,ELC83PP-BMS1N,기타재생,,433.032251,531.014603,591.311435,742.053515,742.053515,742.053515,742.053515,742.053515,742.053515
OSP_CN_HHCH_CCUS_b,ELC83PP-BMSLFG1E,기타재생,,,,,,,34.00187537,20.69421415,51.97285434,34.0423032
OSP_CN_HHCH_CCUS_b,ELC83PP-BMSLFG1N,기타재생,51.97285434,51.97285434,51.97285434,51.97285434,51.97285434,51.97285434,51.97285434,51.97285434,51.97285434,51.97285434
OSP_CN_HHCH_CCUS_b,ELC89PP-WND1E,풍력,185.9827939,197.719584,217.2809008,236.8422176,236.8422176,,,,,
OSP_CN_HHCH_CCUS_b,ELC89PP-WND1N,풍력,,27.66851292,906.8108778,1151.240951,4679.048742,4567.806387,4564.313896,4679.048742,4679.048742,4679.048742
OSP_CN_HHCH_CCUS_b,ELC89PP-WNDOFF1N,해상풍력,,79.7504196,525.8429942,2066.579861,2066.579861,2025.629945,2015.905304,2066.579861,2066.579861,2066.579861
OSP_CN_HHCH_CCUS_b,ELC90PP-MSW1E,기타재생,59.08136841,127.5452858,127.5452858,127.5452858,127.5452858,127.5452858,127.5452858,127.5452858,127.5452858,127.5452858
OSP_CN_HHCH_CCUS_b,ELC90PP-MSWOFF1E,기타재생,803.8383498,653.8588462,653.8588462,653.8588462,653.8588462,653.8588462,653.8588462,653.8588462,653.8588462,653.8588462
OSP_CN_HHCH_CCUS_b,ELC92PP-OCE1E,기타재생,42.11363929,42.09548046,42.09548046,42.09548046,42.09548046,42.09548046,42.09548046,42.09548046,42.09548046,42.09548046
OSP_CN_HHCH_CCUS_b,ELC92PP-OCE1N,기타재생,,0.165816288,0.165816288,0.165816288,0.165816288,0.165816288,0.165816288,0.165816288,0.165816288,0.165816288
OSP_CN_HHCH_CCUS_b,ELC93PP-HDGMCFC1E,신에너지,122.8246468,175.4637811,175.4637811,175.4637811,153.4306579,122.8246468,151.4276467,162.0185684,167.0761717,161.3175145
OSP_CN_HHCH_CCUS_b,ELC93PP-HDGMCFC1N,신에너지,,174.2578445,789.2855309,1392.253851,2104.553631,3253.797945,4463.1742,21669.06539,24094.52721,23739.12761
OSP_CN_HHCH_CCUS_b,ELC93PP-HDGSOFC1N,신에너지,,,,325.6157022,325.6157022,325.6157022,325.6157022,,,
OSP_CN_HHCH_CCUS_b,ELC99PP-LIB1N,ESS,,,,41.20515226,60.15052085,1253.107936,9113.018573,8965.945436,9005.181458,7663.073521
OSP_CN_HHCH_CCUS_b,ELCHHT12ANK-CHP1E-I,석탄,215.4136292,448.7783941,448.7783941,448.7783941,,,,,,
OSP_CN_HHCH_CCUS_b,ELCHHT46PEC-CHP1E-I,석유,9.318914636,19.41440549,19.41440549,,,,,,,
OSP_CN_HHCH_CCUS_b,ELCHHT47OPP-CHP1E-I,석유,29.7868327,62.05590146,62.05590146,,,,,,,
OSP_CN_HHCH_CCUS_b,ELCHLT27BKC-CHP1E-R,석유,237.9710271,83.28985949,83.28985949,83.28985949,,,,,,
OSP_CN_HHCH_CCUS_b,ELCHLT51NGL-CHP1E-R,천연가스CC,219.3495379,434.0307055,681.6777643,666.3836467,,,,,,
OSP_CN_HHCH_CCUS_b,ELCHLT51NGL-CHP1N-R,천연가스CC,,,,,638.4970356,512.6146826,359.6735062,,,
OSP_CN_HHCH_CCUS_c,ELC-CHP-OUT,Dummy,711.8399415,1047.569266,1295.216325,1198.4519,638.4970356,512.6146826,359.6735062,,,
OSP_CN_HHCH_CCUS_c,ELC-REN-SPV-OUT,Dummy,593.2285051,1678.833602,3682.703114,7761.473872,10498.4595,17035.44981,31953.81428,35835.36967,35263.63505,35211.12023
OSP_CN_HHCH_CCUS_c,ELC-REN-WND-OUT,Dummy,185.9827939,305.1385165,1649.934773,3320.236219,6549.58934,6611.961896,6514.118843,6745.628603,6610.012395,6745.628603
OSP_CN_HHCH_CCUS_c,ELC11PP-ANS1E,석탄,380.8656189,256.261536,256.261536,,,,,,,
OSP_CN_HHCH_CCUS_c,ELC14PP-BSCTP1E,석탄,19763.51139,19668.13573,15046.68569,10458.97174,5077.938904,,,,,
OSP_CN_HHCH_CCUS_c,ELC14PP-BSCTP1N,석탄,,,3662.830782,1560.673769,,,,,,
OSP_CN_HHCH_CCUS_c,ELC14PP-IGCC1E,신에너지,110.6244759,200.9950426,200.9950426,,200.9950426,,,,,
OSP_CN_HHCH_CCUS_c,ELC51NGL-NGLCCwCHP1E,천연가스CC,1827.647546,1827.647546,1827.647546,1827.647546,1827.647546,1827.647546,1827.647546,,,
OSP_CN_HHCH_CCUS_c,ELC51PP-NGLCC1E,천연가스CC,2574.579577,1941.219602,1099.058791,6786.905079,11180.27941,12505.05999,5092.101426,,,
OSP_CN_HHCH_CCUS_c,ELC51PP-NGLCC1N,천연가스CC,,107.1598353,53.06243197,,369.2757826,1885.647318,307.2324969,,,
OSP_CN_HHCH_CCUS_c,ELC51PP-NGLCCCC1N,천연가스CC+CCS,,,,,,215.5302605,2339.673359,4221.213606,3895.672261,3933.917693
OSP_CN_HHCH_CCUS_c,ELC62PP-NURAPR1N,원자력,,828.3277296,4141.638648,4141.638648,4141.638648,4141.638648,4141.638648,4141.638648,4141.638648,4141.638648
OSP_CN_HHCH_CCUS_c,ELC62PP-NUROPR1E,원자력,6613.859645,6744.95437,6744.95437,6744.95437,6153.291706,4969.966378,2603.315722,2603.315722,828.3277296,828.3277296
OSP_CN_HHCH_CCUS_c,ELC62PP-NURPWR1E,원자력,4844.362109,4940.383244,2869.56392,1183.325328,,,,,,
OSP_CN_HHCH_CCUS_c,ELC63PP-EUROPR1E,원자력,1264.182383,1242.304037,1242.304037,,,,,,,
OSP_CN_HHCH_CCUS_c,ELC64PP-GHY1E,기타재생,194.7519956,238.4408073,238.4408073,238.4408073,238.4408073,238.4408073,238.4408073,238.4408073,238.4408073,238.4408073
OSP_CN_HHCH_CCUS_c,ELC65PP-PHY1E,양수,,360,360,360,360,360,442.80486,360,360,360
OSP_CN_HHCH_CCUS_c,ELC65PP-PHY1N,양수,,,,38.29787234,137.8723404,137.8723404,169.58484,137.8723404,137.8723404,137.8723404
OSP_CN_HHCH_CCUS_c,ELC66PP-SHY04MW1E,기타재생,0.634121242,0.535134384,0.535134384,0.535134384,0.535134384,0.535134384,0.535134384,0.535134384,0.535134384,0.535134384
OSP_CN_HHCH_CCUS_c,ELC66PP-SHY3MW1E,기타재생,13.03374741,7.951192494,7.951192494,7.951192494,7.951192494,7.951192494,7.951192494,7.951192494,7.951192494,7.951192494
OSP_CN_HHCH_CCUS_c,ELC66PP-SHY3MW1N,기타재생,,3.31632576,13.11456096,26.68134816,43.7152032,43.7152032,43.7152032,43.7152032,43.7152032,43.7152032
OSP_CN_HHCH_CCUS_c,ELC82PP-SPV1E,태양광,593.2285051,593.2285051,593.2285051,593.2285051,593.2285051,,,,,
OSP_CN_HHCH_CCUS_c,ELC82PP-SPV1N,태양광,,1085.605097,3089.474609,7360.674763,10476.72452,19220.40555,35209.13793,43241.39474,43241.39474,43241.39474
OSP_CN_HHCH_CCUS_c,ELC83PP-BMS1E,기타재생,320.678149,320.678149,320.678149,320.678149,320.678149,320.678149,320.678149,320.678149,320.678149,320.678149
OSP_CN_HHCH_CCUS_c,ELC83PP-BMS1N,기타재생,,433.032251,531.014603,591.311435,742.053515,742.053515,742.053515,742.053515,742.053515,742.053515
OSP_CN_HHCH_CCUS_c,ELC83PP-BMSLFG1E,기타재생,,,,,,,34.00187537,20.69421415,51.97285434,34.00187537
OSP_CN_HHCH_CCUS_c,ELC83PP-BMSLFG1N,기타재생,51.97285434,51.97285434,51.97285434,51.97285434,51.97285434,51.97285434,51.97285434,51.97285434,51.97285434,51.97285434
OSP_CN_HHCH_CCUS_c,ELC89PP-WND1E,풍력,185.9827939,197.719584,217.2809008,236.8422176,236.8422176,,,,,
OSP_CN_HHCH_CCUS_c,ELC89PP-WND1N,풍력,,27.66851292,906.8108778,1151.240951,4679.048742,4595.380688,4564.313896,4679.048742,4679.048742,4679.048742
OSP_CN_HHCH_CCUS_c,ELC89PP-WNDOFF1N,해상풍력,,79.7504196,525.8429942,2066.579861,2066.579861,2025.629945,2015.905304,2066.579861,2066.579861,2066.579861
OSP_CN_HHCH_CCUS_c,ELC90PP-MSW1E,기타재생,59.08136841,127.5452858,127.5452858,127.5452858,127.5452858,127.5452858,127.5452858,127.5452858,127.5452858,127.5452858
OSP_CN_HHCH_CCUS_c,ELC90PP-MSWOFF1E,기타재생,803.8383498,653.8588462,653.8588462,653.8588462,653.8588462,653.8588462,653.8588462,653.8588462,653.8588462,653.8588462
OSP_CN_HHCH_CCUS_c,ELC92PP-OCE1E,기타재생,42.11363929,42.09548046,42.09548046,42.09548046,42.09548046,42.09548046,42.09548046,42.09548046,42.09548046,42.09548046
OSP_CN_HHCH_CCUS_c,ELC92PP-OCE1N,기타재생,,0.165816288,0.165816288,0.165816288,0.165816288,0.165816288,0.165816288,0.165816288,0.165816288,0.165816288
OSP_CN_HHCH_CCUS_c,ELC93PP-HDGMCFC1E,신에너지,122.8246468,175.4637811,175.4637811,175.4637811,155.0581045,122.8246468,148.7736569,162.6194718,168.2779784,160.4662348
OSP_CN_HHCH_CCUS_c,ELC93PP-HDGMCFC1N,신에너지,,174.2578445,789.2855309,1392.253851,2099.71227,3253.797945,4478.898743,21166.65779,24212.93513,23862.19763
OSP_CN_HHCH_CCUS_c,ELC93PP-HDGSOFC1N,신에너지,,,,325.1141957,325.1141957,325.1141957,325.1141957,,,
OSP_CN_HHCH_CCUS_c,ELC99PP-LIB1N,ESS,,,,41.21220172,60.13768416,1242.406993,9282.564648,9104.983916,9174.727532,7841.304166
OSP_CN_HHCH_CCUS_c,ELCHHT12ANK-CHP1E-I,석탄,215.4136292,448.7783941,448.7783941,448.7783941,,,,,,
OSP_CN_HHCH_CCUS_c,ELCHHT46PEC-CHP1E-I,석유,9.318914636,19.41440549,19.41440549,,,,,,,
OSP_CN_HHCH_CCUS_c,ELCHHT47OPP-CHP1E-I,석유,29.7868327,62.05590146,62.05590146,,,,,,,
OSP_CN_HHCH_CCUS_c,ELCHLT27BKC-CHP1E-R,석유,237.9710271,83.28985949,83.28985949,83.28985949,,,,,,
OSP_CN_HHCH_CCUS_c,ELCHLT51NGL-CHP1E-R,천연가스CC,219.3495379,434.0307055,681.6777643,666.3836467,,,,,,
OSP_CN_HHCH_CCUS_c,ELCHLT51NGL-CHP1N-R,천연가스CC,,,,,638.4970356,512.6146826,359.6735062,,,
OSP_CN_HHCH_CCUS_d,ELC-CHP-OUT,Dummy,711.8399415,1047.569266,1295.216325,1198.4519,638.4970356,512.6146826,359.6735062,,,
OSP_CN_HHCH_CCUS_d,ELC-REN-SPV-OUT,Dummy,593.2285051,1678.833602,3682.703114,7752.864154,10487.41247,17058.11048,31939.78646,35805.63936,35104.92322,35180.01258
OSP_CN_HHCH_CCUS_d,ELC-REN-WND-OUT,Dummy,185.9827939,305.1385165,1649.934773,3326.463225,6547.985332,6611.472112,6501.073487,6745.628603,6745.628603,6745.628603
OSP_CN_HHCH_CCUS_d,ELC11PP-ANS1E,석탄,380.8656189,256.261536,256.261536,,,,,,,
OSP_CN_HHCH_CCUS_d,ELC14PP-BSCTP1E,석탄,19763.51139,19668.13573,15046.68569,10458.97174,5055.903279,,,,,
OSP_CN_HHCH_CCUS_d,ELC14PP-BSCTP1N,석탄,,,3662.830782,1556.56853,,,,,,
OSP_CN_HHCH_CCUS_d,ELC14PP-IGCC1E,신에너지,110.6244759,200.9950426,200.9950426,,200.9950426,,,,,
OSP_CN_HHCH_CCUS_d,ELC51NGL-NGLCCwCHP1E,천연가스CC,1827.647546,1827.647546,1827.647546,1827.647546,1827.647546,1827.647546,1827.647546,,,
OSP_CN_HHCH_CCUS_d,ELC51PP-NGLCC1E,천연가스CC,2574.579577,1954.397195,1091.731738,6781.481694,11160.70724,12257.60348,5122.499908,,,
OSP_CN_HHCH_CCUS_d,ELC51PP-NGLCC1N,천연가스CC,,93.98224183,60.38948552,,365.0600531,2132.711687,276.8449103,,,
OSP_CN_HHCH_CCUS_d,ELC51PP-NGLCCCC1N,천연가스CC+CCS,,,,,,,1774.848193,3307.729648,2985.241758,3019.799846
OSP_CN_HHCH_CCUS_d,ELC62PP-NURAPR1N,원자력,,828.3277296,4141.638648,4141.638648,4141.638648,4141.638648,4141.638648,4141.638648,4141.638648,4141.638648
OSP_CN_HHCH_CCUS_d,ELC62PP-NUROPR1E,원자력,6613.859645,6744.95437,6744.95437,6744.95437,6153.291706,4969.966378,2603.315722,2603.315722,828.3277296,828.3277296
OSP_CN_HHCH_CCUS_d,ELC62PP-NURPWR1E,원자력,4844.362109,4940.383244,2869.56392,1183.325328,,,,,,
OSP_CN_HHCH_CCUS_d,ELC63PP-EUROPR1E,원자력,1264.182383,1242.304037,1242.304037,,,,,,,
OSP_CN_HHCH_CCUS_d,ELC64PP-GHY1E,기타재생,194.7519956,238.4408073,238.4408073,238.4408073,238.4408073,238.4408073,238.4408073,238.4408073,238.4408073,238.4408073
OSP_CN_HHCH_CCUS_d,ELC65PP-PHY1E,양수,,360,360,360,360,360,442.80486,360,360,360
OSP_CN_HHCH_CCUS_d,ELC65PP-PHY1N,양수,,,,38.29787234,137.8723404,137.8723404,169.58484,137.8723404,137.8723404,137.8723404
OSP_CN_HHCH_CCUS_d,ELC66PP-SHY04MW1E,기타재생,0.634121242,0.535134384,0.535134384,0.535134384,0.535134384,0.535134384,0.535134384,0.535134384,0.535134384,0.535134384
OSP_CN_HHCH_CCUS_d,ELC66PP-SHY3MW1E,기타재생,13.03374741,7.951192494,7.951192494,7.951192494,7.951192494,7.951192494,7.951192494,7.951192494,7.951192494,7.951192494
OSP_CN_HHCH_CCUS_d,ELC66PP-SHY3MW1N,기타재생,,3.31632576,13.11456096,26.68134816,43.7152032,43.7152032,43.7152032,43.7152032,43.7152032,43.7152032
OSP_CN_HHCH_CCUS_d,ELC82PP-SPV1E,태양광,593.2285051,593.2285051,593.2285051,593.2285051,593.2285051,,,,,
OSP_CN_HHCH_CCUS_d,ELC82PP-SPV1N,태양광,,1085.605097,3089.474609,7358.23433,10463.39281,19190.75736,35184.43943,43241.39474,43241.39474,43241.39474
OSP_CN_HHCH_CCUS_d,ELC83PP-BMS1E,기타재생,320.678149,320.678149,320.678149,320.678149,320.678149,320.678149,320.678149,320.678149,320.678149,320.678149
OSP_CN_HHCH_CCUS_d,ELC83PP-BMS1N,기타재생,,433.032251,531.014603,591.311435,742.053515,742.053515,742.053515,742.053515,742.053515,742.053515
OSP_CN_HHCH_CCUS_d,ELC83PP-BMSLFG1E,기타재생,,,,,,,34.00187537,21.00272881,51.97285434,34.00187537
OSP_CN_HHCH_CCUS_d,ELC83PP-BMSLFG1N,기타재생,51.97285434,51.97285434,51.97285434,51.97285434,51.97285434,51.97285434,51.97285434,51.97285434,51.97285434,51.97285434
OSP_CN_HHCH_CCUS_d,ELC89PP-WND1E,풍력,185.9827939,197.719584,217.2809008,236.8422176,236.8422176,,,,,
OSP_CN_HHCH_CCUS_d,ELC89PP-WND1N,풍력,,27.66851292,906.8108778,1151.240951,4679.048742,4594.890904,4564.313896,4679.048742,4679.048742,4679.048742
OSP_CN_HHCH_CCUS_d,ELC89PP-WNDOFF1N,해상풍력,,79.7504196,525.8429942,2066.579861,2066.579861,2025.629945,2015.905304,2066.579861,2066.579861,2066.579861
OSP_CN_HHCH_CCUS_d,ELC90PP-MSW1E,기타재생,59.08136841,127.5452858,127.5452858,127.5452858,127.5452858,127.5452858,127.5452858,127.5452858,127.5452858,127.5452858
OSP_CN_HHCH_CCUS_d,ELC90PP-MSWOFF1E,기타재생,803.8383498,653.8588462,653.8588462,653.8588462,653.8588462,653.8588462,653.8588462,653.8588462,653.8588462,653.8588462
OSP_CN_HHCH_CCUS_d,ELC92PP-OCE1E,기타재생,42.11363929,42.09548046,42.09548046,42.09548046,42.09548046,42.09548046,42.09548046,42.09548046,42.09548046,42.09548046
OSP_CN_HHCH_CCUS_d,ELC92PP-OCE1N,기타재생,,0.165816288,0.165816288,0.165816288,0.165816288,0.165816288,0.165816288,0.165816288,0.165816288,0.165816288
OSP_CN_HHCH_CCUS_d,ELC93PP-HDGMCFC1E,신에너지,122.8246468,175.4637811,175.4637811,175.4637811,156.6605135,122.8246468,148.1739448,162.6194718,169.7551992,159.4647292
OSP_CN_HHCH_CCUS_d,ELC93PP-HDGMCFC1N,신에너지,,174.2578445,789.2855309,1392.253851,2094.895946,3253.797945,4596.853298,21294.93217,24311.10629,23997.4162
OSP_CN_HHCH_CCUS_d,ELC93PP-HDGSOFC1N,신에너지,,,,324.6126892,324.6126892,324.6126892,324.6126892,,,
OSP_CN_HHCH_CCUS_d,ELC99PP-LIB1N,ESS,,,,41.21925118,60.12484746,1103.824135,9383.825913,9306.005314,9275.988798,8060.819759
OSP_CN_HHCH_CCUS_d,ELCHHT12ANK-CHP1E-I,석탄,215.4136292,448.7783941,448.7783941,448.7783941,,,,,,
OSP_CN_HHCH_CCUS_d,ELCHHT46PEC-CHP1E-I,석유,9.318914636,19.41440549,19.41440549,,,,,,,
OSP_CN_HHCH_CCUS_d,ELCHHT47OPP-CHP1E-I,석유,29.7868327,62.05590146,62.05590146,,,,,,,
OSP_CN_HHCH_CCUS_d,ELCHLT27BKC-CHP1E-R,석유,237.9710271,83.28985949,83.28985949,83.28985949,,,,,,
OSP_CN_HHCH_CCUS_d,ELCHLT51NGL-CHP1E-R,천연가스CC,219.3495379,434.0307055,681.6777643,666.3836467,,,,,,
OSP_CN_HHCH_CCUS_d,ELCHLT51NGL-CHP1N-R,천연가스CC,,,,,638.4970356,512.6146826,359.6735062,,,
OSP_CN_HHCH_CCUS_f,ELC-CHP-OUT,Dummy,711.8399415,1047.569266,1295.216325,1198.4519,638.4970356,512.6146826,359.6735062,,,
OSP_CN_HHCH_CCUS_f,ELC-REN-SPV-OUT,Dummy,593.2285051,1678.833602,3682.703114,7758.702691,10475.79479,17145.63646,32071.35119,35806.26141,35099.26575,35188.87192
OSP_CN_HHCH_CCUS_f,ELC-REN-WND-OUT,Dummy,185.9827939,305.1385165,1649.934773,3318.241977,6546.951985,6546.863371,6514.11875,6713.093202,6719.372717,6703.769999
OSP_CN_HHCH_CCUS_f,ELC11PP-ANS1E,석탄,380.8656189,256.261536,256.261536,,,,,,,
OSP_CN_HHCH_CCUS_f,ELC14PP-BSCTP1E,석탄,19763.51139,19668.13573,15046.68569,10458.97174,5033.86765,,,,,
OSP_CN_HHCH_CCUS_f,ELC14PP-BSCTP1N,석탄,,,3662.830782,1552.463291,,,,,,
OSP_CN_HHCH_CCUS_f,ELC14PP-IGCC1E,신에너지,110.6244759,200.9950426,200.9950426,,200.9950426,,,,,
OSP_CN_HHCH_CCUS_f,ELC51NGL-NGLCCwCHP1E,천연가스CC,1827.647546,1827.647546,1827.647546,1827.647546,1827.647546,1827.647546,1827.647546,,,
OSP_CN_HHCH_CCUS_f,ELC51PP-NGLCC1E,천연가스CC,2574.579577,1968.768051,1076.291063,6776.05831,11141.12369,12153.95044,5118.271354,,,
OSP_CN_HHCH_CCUS_f,ELC51PP-NGLCC1N,천연가스CC,,79.61138581,75.83015997,,360.8557017,2006.469205,281.0719481,,,
OSP_CN_HHCH_CCUS_f,ELC51PP-NGLCCCC1N,천연가스CC+CCS,,,,,,,1248.051832,2393.240996,2070.753105,2104.811425
OSP_CN_HHCH_CCUS_f,ELC62PP-NURAPR1N,원자력,,828.3277296,4141.638648,4141.638648,4141.638648,4141.638648,4141.638648,4141.638648,4141.638648,4141.638648
OSP_CN_HHCH_CCUS_f,ELC62PP-NUROPR1E,원자력,6613.859645,6744.95437,6744.95437,6744.95437,6153.291706,4969.966378,2603.315722,2603.315722,828.3277296,828.3277296
OSP_CN_HHCH_CCUS_f,ELC62PP-NURPWR1E,원자력,4844.362109,4940.383244,2869.56392,1183.325328,,,,,,
OSP_CN_HHCH_CCUS_f,ELC63PP-EUROPR1E,원자력,1264.182383,1242.304037,1242.304037,,,,,,,
OSP_CN_HHCH_CCUS_f,ELC64PP-GHY1E,기타재생,194.7519956,238.4408073,238.4408073,238.4408073,238.4408073,238.4408073,238.4408073,238.4408073,238.4408073,238.4408073
OSP_CN_HHCH_CCUS_f,ELC65PP-PHY1E,양수,,360,360,360,360,360,442.80486,360,360,360
OSP_CN_HHCH_CCUS_f,ELC65PP-PHY1N,양수,,,,38.29787234,137.8723404,137.8723404,169.58484,137.8723404,137.8723404,137.8723404
OSP_CN_HHCH_CCUS_f,ELC66PP-SHY04MW1E,기타재생,0.634121242,0.535134384,0.535134384,0.535134384,0.535134384,0.535134384,0.535134384,0.535134384,0.535134384,0.535134384
OSP_CN_HHCH_CCUS_f,ELC66PP-SHY3MW1E,기타재생,13.03374741,7.951192494,7.951192494,7.951192494,7.951192494,7.951192494,7.951192494,7.951192494,7.951192494,7.951192494
OSP_CN_HHCH_CCUS_f,ELC66PP-SHY3MW1N,기타재생,,3.31632576,13.11456096,26.68134816,43.7152032,43.7152032,43.7152032,43.7152032,43.7152032,43.7152032
OSP_CN_HHCH_CCUS_f,ELC82PP-SPV1E,태양광,593.2285051,593.2285051,593.2285051,593.2285051,593.2285051,,,,,
OSP_CN_HHCH_CCUS_f,ELC82PP-SPV1N,태양광,,1085.605097,3089.474609,7355.793896,10450.0611,19212.36556,35301.78132,43241.39474,43241.39474,43241.39474
OSP_CN_HHCH_CCUS_f,ELC83PP-BMS1E,기타재생,320.678149,320.678149,320.678149,320.678149,320.678149,320.678149,320.678149,320.678149,320.678149,320.678149
OSP_CN_HHCH_CCUS_f,ELC83PP-BMS1N,기타재생,,433.032251,531.014603,591.311435,742.053515,742.053515,742.053515,742.053515,742.053515,742.053515
OSP_CN_HHCH_CCUS_f,ELC83PP-BMSLFG1E,기타재생,,,,,,,33.59843312,21.00272881,51.97285434,34.00187537
OSP_CN_HHCH_CCUS_f,ELC83PP-BMSLFG1N,기타재생,51.97285434,51.97285434,51.97285434,51.97285434,51.97285434,51.97285434,51.97285434,51.97285434,51.97285434,51.97285434
OSP_CN_HHCH_CCUS_f,ELC89PP-WND1E,풍력,185.9827939,197.719584,217.2809008,236.8422176,236.8422176,,,,,
OSP_CN_HHCH_CCUS_f,ELC89PP-WND1N,풍력,,27.66851292,906.8108778,1151.240951,4679.048742,4595.380688,4564.313896,4679.048742,4679.048742,4679.048742
OSP_CN_HHCH_CCUS_f,ELC89PP-WNDOFF1N,해상풍력,,79.7504196,525.8429942,2066.579861,2066.579861,2025.629945,2015.905304,2066.579861,2066.579861,2066.579861
OSP_CN_HHCH_CCUS_f,ELC90PP-MSW1E,기타재생,59.08136841,127.5452858,127.5452858,127.5452858,127.5452858,127.5452858,127.5452858,127.5452858,127.5452858,127.5452858
OSP_CN_HHCH_CCUS_f,ELC90PP-MSWOFF1E,기타재생,803.8383498,653.8588462,653.8588462,653.8588462,653.8588462,653.8588462,653.8588462,653.8588462,653.8588462,653.8588462
OSP_CN_HHCH_CCUS_f,ELC92PP-OCE1E,기타재생,42.11363929,42.09548046,42.09548046,42.09548046,42.09548046,42.09548046,42.09548046,42.09548046,42.09548046,42.09548046
OSP_CN_HHCH_CCUS_f,ELC92PP-OCE1N,기타재생,,0.165816288,0.165816288,0.165816288,0.165816288,0.165816288,0.165816288,0.165816288,0.165816288,0.165816288
OSP_CN_HHCH_CCUS_f,ELC93PP-HDGMCFC1E,신에너지,122.8246468,175.4637811,175.4637811,175.4637811,153.005018,122.8246468,146.6204198,161.5428533,168.9790324,159.4647292
OSP_CN_HHCH_CCUS_f,ELC93PP-HDGMCFC1N,신에너지,,174.2578445,789.2855309,1392.253851,2095.337527,3253.797945,4537.502472,21433.70214,24449.57581,24139.79486
OSP_CN_HHCH_CCUS_f,ELC93PP-HDGSOFC1N,신에너지,,,,324.1111827,324.1111827,324.1111827,324.1111827,,,
OSP_CN_HHCH_CCUS_f,ELC99PP-LIB1N,ESS,,,,41.22630063,60.11201076,1087.271312,9615.233342,9537.412743,9507.396226,8308.254913
OSP_CN_HHCH_CCUS_f,ELCHHT12ANK-CHP1E-I,석탄,215.4136292,448.7783941,448.7783941,448.7783941,,,,,,
OSP_CN_HHCH_CCUS_f,ELCHHT46PEC-CHP1E-I,석유,9.318914636,19.41440549,19.41440549,,,,,,,
OSP_CN_HHCH_CCUS_f,ELCHHT47OPP-CHP1E-I,석유,29.7868327,62.05590146,62.05590146,,,,,,,
OSP_CN_HHCH_CCUS_f,ELCHLT27BKC-CHP1E-R,석유,237.9710271,83.28985949,83.28985949,83.28985949,,,,,,
OSP_CN_HHCH_CCUS_f,ELCHLT51NGL-CHP1E-R,천연가스CC,219.3495379,434.0307055,681.6777643,666.3836467,,,,,,
OSP_CN_HHCH_CCUS_f,ELCHLT51NGL-CHP1N-R,천연가스CC,,,,,638.4970356,512.6146826,359.6735062,,,
OSP_CN_HHCH_CCUS_g,ELC-CHP-OUT,Dummy,711.8399415,1047.569266,1295.216325,1198.4519,638.4970356,512.6146826,359.6735062,,,
OSP_CN_HHCH_CCUS_g,ELC-REN-SPV-OUT,Dummy,593.2285051,1678.833602,3682.703114,7752.865989,10459.93059,17162.98067,32271.69412,35832.62992,35119.83106,35221.12307
OSP_CN_HHCH_CCUS_g,ELC-REN-WND-OUT,Dummy,185.9827939,305.1385165,1649.934773,3321.695968,6550.165153,6611.961896,6478.395285,6653.939785,6666.022513,6638.144343
OSP_CN_HHCH_CCUS_g,ELC11PP-ANS1E,석탄,380.8656189,256.261536,256.261536,,,,,,,
OSP_CN_HHCH_CCUS_g,ELC14PP-BSCTP1E,석탄,19763.51139,19668.13573,15046.68569,10458.97174,5011.832019,,,,,
OSP_CN_HHCH_CCUS_g,ELC14PP-BSCTP1N,석탄,,,3662.830782,1548.358051,,,,,,
OSP_CN_HHCH_CCUS_g,ELC14PP-IGCC1E,신에너지,110.6244759,200.9950426,200.9950426,,200.9950426,,,,,
OSP_CN_HHCH_CCUS_g,ELC51NGL-NGLCCwCHP1E,천연가스CC,1827.647546,1827.647546,1827.647546,1827.647546,1827.647546,1827.647546,1827.647546,,,
OSP_CN_HHCH_CCUS_g,ELC51PP-NGLCC1E,천연가스CC,2574.579577,1915.877661,1094.839402,6770.634926,11121.53402,11991.16943,5113.239451,,,
OSP_CN_HHCH_CCUS_g,ELC51PP-NGLCC1N,천연가스CC,,132.5017759,57.28182135,,356.6574826,1939.333507,286.102048,,,
OSP_CN_HHCH_CCUS_g,ELC51PP-NGLCCCC1N,천연가스CC+CCS,,,,,,,724.5609615,1478.351234,1155.863344,1189.650315
OSP_CN_HHCH_CCUS_g,ELC62PP-NURAPR1N,원자력,,828.3277296,4141.638648,4141.638648,4141.638648,4141.638648,4141.638648,4141.638648,4141.638648,4141.638648
OSP_CN_HHCH_CCUS_g,ELC62PP-NUROPR1E,원자력,6613.859645,6744.95437,6744.95437,6744.95437,6153.291706,4969.966378,2603.315722,2603.315722,828.3277296,828.3277296
OSP_CN_HHCH_CCUS_g,ELC62PP-NURPWR1E,원자력,4844.362109,4940.383244,2869.56392,1183.325328,,,,,,
OSP_CN_HHCH_CCUS_g,ELC63PP-EUROPR1E,원자력,1264.182383,1242.304037,1242.304037,,,,,,,
OSP_CN_HHCH_CCUS_g,ELC64PP-GHY1E,기타재생,194.7519956,238.4408073,238.4408073,238.4408073,238.4408073,238.4408073,238.4408073,238.4408073,238.4408073,238.4408073
OSP_CN_HHCH_CCUS_g,ELC65PP-PHY1E,양수,,360,360,360,360,360,442.80486,360,360,360
OSP_CN_HHCH_CCUS_g,ELC65PP-PHY1N,양수,,,,38.29787234,137.8723404,137.8723404,169.58484,137.8723404,137.8723404,137.8723404
OSP_CN_HHCH_CCUS_g,ELC66PP-SHY04MW1E,기타재생,0.634121242,0.535134384,0.535134384,0.535134384,0.535134384,0.535134384,0.535134384,0.535134384,0.535134384,0.535134384
OSP_CN_HHCH_CCUS_g,ELC66PP-SHY3MW1E,기타재생,13.03374741,7.951192494,7.951192494,7.951192494,7.951192494,7.951192494,7.951192494,7.951192494,7.951192494,7.951192494
OSP_CN_HHCH_CCUS_g,ELC66PP-SHY3MW1N,기타재생,,3.31632576,13.11456096,26.68134816,43.7152032,43.7152032,43.7152032,43.7152032,43.7152032,43.7152032
OSP_CN_HHCH_CCUS_g,ELC82PP-SPV1E,태양광,593.2285051,593.2285051,593.2285051,593.2285051,593.2285051,,,,,
OSP_CN_HHCH_CCUS_g,ELC82PP-SPV1N,태양광,,1085.605097,3089.474609,7353.353463,10436.7294,19243.52667,35430.91124,43241.39474,43241.39474,43241.39474
OSP_CN_HHCH_CCUS_g,ELC83PP-BMS1E,기타재생,320.678149,320.678149,320.678149,320.678149,320.678149,320.678149,320.678149,320.678149,320.678149,320.678149
OSP_CN_HHCH_CCUS_g,ELC83PP-BMS1N,기타재생,,433.032251,531.014603,591.311435,742.053515,742.053515,742.053515,742.053515,742.053515,742.053515
OSP_CN_HHCH_CCUS_g,ELC83PP-BMSLFG1E,기타재생,,,,,,,33.59843312,21.00272881,51.97285434,33.59843312
OSP_CN_HHCH_CCUS_g,ELC83PP-BMSLFG1N,기타재생,51.97285434,51.97285434,51.97285434,51.97285434,51.97285434,51.97285434,51.97285434,51.97285434,51.97285434,51.97285434
OSP_CN_HHCH_CCUS_g,ELC89PP-WND1E,풍력,185.9827939,197.719584,217.2809008,236.8422176,236.8422176,,,,,
OSP_CN_HHCH_CCUS_g,ELC89PP-WND1N,풍력,,27.66851292,906.8108778,1151.240951,4679.048742,4595.380688,4564.313896,4679.048742,4679.048742,4679.048742
OSP_CN_HHCH_CCUS_g,ELC89PP-WNDOFF1N,해상풍력,,79.7504196,525.8429942,2066.579861,2066.579861,2025.629945,2015.905304,2066.579861,2066.579861,2066.579861
OSP_CN_HHCH_CCUS_g,ELC90PP-MSW1E,기타재생,59.08136841,127.5452858,127.5452858,127.5452858,127.5452858,127.5452858,127.5452858,127.5452858,127.5452858,127.5452858
OSP_CN_HHCH_CCUS_g,ELC90PP-MSWOFF1E,기타재생,803.8383498,653.8588462,653.8588462,653.8588462,653.8588462,653.8588462,653.8588462,653.8588462,653.8588462,653.8588462
OSP_CN_HHCH_CCUS_g,ELC92PP-OCE1E,기타재생,42.11363929,42.09548046,42.09548046,42.09548046,42.09548046,42.09548046,42.09548046,42.09548046,42.09548046,42.09548046
OSP_CN_HHCH_CCUS_g,ELC92PP-OCE1N,기타재생,,0.165816288,0.165816288,0.165816288,0.165816288,0.165816288,0.165816288,0.165816288,0.165816288,0.165816288
OSP_CN_HHCH_CCUS_g,ELC93PP-HDGMCFC1E,신에너지,122.8246468,175.4637811,175.4637811,175.4637811,153.3054697,122.8246468,145.8838799,162.6194718,170.3561026,159.4647292
OSP_CN_HHCH_CCUS_g,ELC93PP-HDGMCFC1N,신에너지,,174.2578445,789.2855309,1392.253851,2091.823161,3253.797945,4461.84025,21574.07925,24589.65246,24283.79246
OSP_CN_HHCH_CCUS_g,ELC93PP-HDGSOFC1N,신에너지,,,,323.6096762,323.6096762,323.6096762,323.6096762,,,
OSP_CN_HHCH_CCUS_g,ELC99PP-LIB1N,ESS,,,,41.23335009,60.09917407,1085.151471,9859.504448,9781.683849,9751.667332,8558.828838
OSP_CN_HHCH_CCUS_g,ELCHHT12ANK-CHP1E-I,석탄,215.4136292,448.7783941,448.7783941,448.7783941,,,,,,
OSP_CN_HHCH_CCUS_g,ELCHHT46PEC-CHP1E-I,석유,9.318914636,19.41440549,19.41440549,,,,,,,
OSP_CN_HHCH_CCUS_g,ELCHHT47OPP-CHP1E-I,석유,29.7868327,62.05590146,62.05590146,,,,,,,
OSP_CN_HHCH_CCUS_g,ELCHLT27BKC-CHP1E-R,석유,237.9710271,83.28985949,83.28985949,83.28985949,,,,,,
OSP_CN_HHCH_CCUS_g,ELCHLT51NGL-CHP1E-R,천연가스CC,219.3495379,434.0307055,681.6777643,666.3836467,,,,,,
OSP_CN_HHCH_CCUS_g,ELCHLT51NGL-CHP1N-R,천연가스CC,,,,,638.4970356,512.6146826,359.6735062,,,
OSP_CN_HHCH_CCUS_h,ELC-CHP-OUT,Dummy,711.8399415,1047.569266,1295.216325,1198.4519,638.4970356,512.6146826,359.6735062,,,
OSP_CN_HHCH_CCUS_h,ELC-REN-SPV-OUT,Dummy,593.2285051,1678.833602,3682.703114,7743.981691,10446.77767,17166.92113,32392.12961,35876.54555,35302.22132,35376.40356
OSP_CN_HHCH_CCUS_h,ELC-REN-WND-OUT,Dummy,185.9827939,305.1385165,1649.934773,3328.197554,6550.667035,6611.961896,6479.918405,6578.088009,6446.346047,6431.33278
OSP_CN_HHCH_CCUS_h,ELC11PP-ANS1E,석탄,380.8656189,256.261536,256.261536,,,,,,,
OSP_CN_HHCH_CCUS_h,ELC14PP-BSCTP1E,석탄,19763.51139,19668.13573,15046.68569,10458.97174,4989.796389,,,,,
OSP_CN_HHCH_CCUS_h,ELC14PP-BSCTP1N,석탄,,,3662.830782,1544.252812,,,,,,
OSP_CN_HHCH_CCUS_h,ELC14PP-IGCC1E,신에너지,110.6244759,200.9950426,200.9950426,,200.9950426,,,,,
OSP_CN_HHCH_CCUS_h,ELC51NGL-NGLCCwCHP1E,천연가스CC,1827.647546,1827.647546,1827.647546,1827.647546,1827.647546,1827.647546,1827.647546,,,
OSP_CN_HHCH_CCUS_h,ELC51PP-NGLCC1E,천연가스CC,2574.579577,1941.700604,1083.499756,6765.211542,11101.94434,11802.79052,5109.288891,,,
OSP_CN_HHCH_CCUS_h,ELC51PP-NGLCC1N,천연가스CC,,106.6788329,68.62146732,,352.4592635,1897.786528,290.0511916,,,
OSP_CN_HHCH_CCUS_h,ELC51PP-NGLCCCC1N,천연가스CC+CCS,,,,,,,220.0029118,563.8520896,238.9019621,266.1330721
OSP_CN_HHCH_CCUS_h,ELC62PP-NURAPR1N,원자력,,828.3277296,4141.638648,4141.638648,4141.638648,4141.638648,4141.638648,4141.638648,4141.638648,4141.638648
OSP_CN_HHCH_CCUS_h,ELC62PP-NUROPR1E,원자력,6613.859645,6744.95437,6744.95437,6744.95437,6153.291706,4969.966378,2603.315722,2603.315722,828.3277296,828.3277296
OSP_CN_HHCH_CCUS_h,ELC62PP-NURPWR1E,원자력,4844.362109,4940.383244,2869.56392,1183.325328,,,,,,
OSP_CN_HHCH_CCUS_h,ELC63PP-EUROPR1E,원자력,1264.182383,1242.304037,1242.304037,,,,,,,
OSP_CN_HHCH_CCUS_h,ELC64PP-GHY1E,기타재생,194.7519956,238.4408073,238.4408073,238.4408073,238.4408073,238.4408073,238.4408073,238.4408073,238.4408073,238.4408073
OSP_CN_HHCH_CCUS_h,ELC65PP-PHY1E,양수,,360,360,360,360,360,442.80486,360,360,380.0871374
OSP_CN_HHCH_CCUS_h,ELC65PP-PHY1N,양수,,,,38.29787234,137.8723404,137.8723404,169.58484,137.8723404,137.8723404,144.495576
OSP_CN_HHCH_CCUS_h,ELC66PP-SHY04MW1E,기타재생,0.634121242,0.535134384,0.535134384,0.535134384,0.535134384,0.535134384,0.535134384,0.535134384,0.535134384,0.535134384
OSP_CN_HHCH_CCUS_h,ELC66PP-SHY3MW1E,기타재생,13.03374741,7.951192494,7.951192494,7.951192494,7.951192494,7.951192494,7.951192494,7.951192494,7.951192494,7.951192494
OSP_CN_HHCH_CCUS_h,ELC66PP-SHY3MW1N,기타재생,,3.31632576,13.11456096,26.68134816,43.7152032,43.7152032,43.7152032,43.7152032,43.7152032,43.7152032
OSP_CN_HHCH_CCUS_h,ELC82PP-SPV1E,태양광,593.2285051,593.2285051,593.2285051,593.2285051,593.2285051,,,,,
OSP_CN_HHCH_CCUS_h,ELC82PP-SPV1N,태양광,,1085.605097,3089.474609,7350.913029,10423.39769,19299.27003,35633.8858,43241.39474,43241.39474,43241.39474
OSP_CN_HHCH_CCUS_h,ELC83PP-BMS1E,기타재생,320.678149,320.678149,320.678149,320.678149,320.678149,320.678149,320.678149,320.678149,320.678149,320.678149
OSP_CN_HHCH_CCUS_h,ELC83PP-BMS1N,기타재생,,433.032251,531.014603,591.311435,742.053515,742.053515,742.053515,742.053515,742.053515,742.053515
OSP_CN_HHCH_CCUS_h,ELC83PP-BMSLFG1E,기타재생,,,,,,,33.59843312,21.00272881,51.97285434,22.18932366
OSP_CN_HHCH_CCUS_h,ELC83PP-BMSLFG1N,기타재생,51.97285434,51.97285434,51.97285434,51.97285434,51.97285434,51.97285434,51.97285434,51.97285434,51.97285434,51.97285434
OSP_CN_HHCH_CCUS_h,ELC89PP-WND1E,풍력,185.9827939,197.719584,217.2809008,236.8422176,236.8422176,,,,,
OSP_CN_HHCH_CCUS_h,ELC89PP-WND1N,풍력,,27.66851292,906.8108778,1151.240951,4679.048742,4595.380688,4564.313896,4679.048742,4679.048742,4679.048742
OSP_CN_HHCH_CCUS_h,ELC89PP-WNDOFF1N,해상풍력,,79.7504196,525.8429942,2066.579861,2066.579861,2025.629945,2015.905304,2066.579861,2066.579861,2066.579861
OSP_CN_HHCH_CCUS_h,ELC90PP-MSW1E,기타재생,59.08136841,127.5452858,127.5452858,127.5452858,127.5452858,127.5452858,127.5452858,127.5452858,127.5452858,127.5452858
OSP_CN_HHCH_CCUS_h,ELC90PP-MSWOFF1E,기타재생,803.8383498,653.8588462,653.8588462,653.8588462,653.8588462,653.8588462,653.8588462,653.8588462,653.8588462,653.8588462
OSP_CN_HHCH_CCUS_h,ELC92PP-OCE1E,기타재생,42.11363929,42.09548046,42.09548046,42.09548046,42.09548046,42.09548046,42.09548046,42.09548046,42.09548046,42.09548046
OSP_CN_HHCH_CCUS_h,ELC92PP-OCE1N,기타재생,,0.165816288,0.165816288,0.165816288,0.165816288,0.165816288,0.165816288,0.165816288,0.165816288,0.165816288
OSP_CN_HHCH_CCUS_h,ELC93PP-HDGMCFC1E,신에너지,122.8246468,175.4637811,175.4637811,175.4637811,154.9329163,122.8246468,145.1932744,161.3195579,168.4282043,158.3881106
OSP_CN_HHCH_CCUS_h,ELC93PP-HDGMCFC1N,신에너지,,174.2578445,789.2855309,1392.253851,2086.981799,3253.797945,4297.384909,21713.17087,24752.45544,24507.20507
OSP_CN_HHCH_CCUS_h,ELC93PP-HDGSOFC1N,신에너지,,,,323.1081697,323.1081697,323.1081697,323.1081697,,,
OSP_CN_HHCH_CCUS_h,ELC99PP-LIB1N,ESS,,,,41.24039955,60.08633737,1067.269446,10170.2131,10013.42776,10062.37598,8951.819598
OSP_CN_HHCH_CCUS_h,ELCHHT12ANK-CHP1E-I,석탄,215.4136292,448.7783941,448.7783941,448.7783941,,,,,,
OSP_CN_HHCH_CCUS_h,ELCHHT46PEC-CHP1E-I,석유,9.318914636,19.41440549,19.41440549,,,,,,,
OSP_CN_HHCH_CCUS_h,ELCHHT47OPP-CHP1E-I,석유,29.7868327,62.05590146,62.05590146,,,,,,,
OSP_CN_HHCH_CCUS_h,ELCHLT27BKC-CHP1E-R,석유,237.9710271,83.28985949,83.28985949,83.28985949,,,,,,
OSP_CN_HHCH_CCUS_h,ELCHLT51NGL-CHP1E-R,천연가스CC,219.3495379,434.0307055,681.6777643,666.3836467,,,,,,
OSP_CN_HHCH_CCUS_h,ELCHLT51NGL-CHP1N-R,천연가스CC,,,,,638.4970356,512.6146826,359.6735062,,,
OSP_CN_HHCH_CCUS_i,ELC-CHP-OUT,Dummy,711.8399415,1047.569266,1295.216325,1198.4519,638.4970356,512.6146826,359.6735062,,,
OSP_CN_HHCH_CCUS_i,ELC-REN-SPV-OUT,Dummy,593.2285051,1678.833602,3682.703114,7737.798204,10421.53681,17254.77479,32955.14085,34648.23334,34564.01435,34472.07959
OSP_CN_HHCH_CCUS_i,ELC-REN-WND-OUT,Dummy,185.9827939,305.1385165,1649.934773,3329.615618,6550.605877,6611.732737,6464.027148,9513.52431,11043.25834,10958.70071
OSP_CN_HHCH_CCUS_i,ELC11PP-ANS1E,석탄,380.8656189,256.261536,256.261536,,,,,,,
OSP_CN_HHCH_CCUS_i,ELC14PP-BSCTP1E,석탄,19763.51139,19668.13573,15046.68569,10458.97174,4945.724951,,,,,
OSP_CN_HHCH_CCUS_i,ELC14PP-BSCTP1N,석탄,,,3662.830782,1536.042333,,,,,,
OSP_CN_HHCH_CCUS_i,ELC14PP-IGCC1E,신에너지,110.6244759,200.9950426,200.9950426,,200.9950426,,,,,
OSP_CN_HHCH_CCUS_i,ELC51NGL-NGLCCwCHP1E,천연가스CC,1827.647546,1827.647546,1827.647546,1827.647546,1827.647546,1827.647546,1827.647546,,,
OSP_CN_HHCH_CCUS_i,ELC51PP-NGLCC1E,천연가스CC,2574.579577,1941.097313,1089.207403,6754.364773,11062.17812,11716.72094,4411.984301,,,
OSP_CN_HHCH_CCUS_i,ELC51PP-NGLCC1N,천연가스CC,,107.2821237,62.91381998,,344.6498256,1524.108527,188.4100295,,,
OSP_CN_HHCH_CCUS_i,ELC62PP-NURAPR1N,원자력,,828.3277296,4141.638648,4141.638648,4141.638648,4141.638648,4141.638648,4141.638648,4141.638648,4141.638648
OSP_CN_HHCH_CCUS_i,ELC62PP-NUROPR1E,원자력,6613.859645,6744.95437,6744.95437,6744.95437,6153.291706,4969.966378,2603.315722,2603.315722,828.3277296,828.3277296
OSP_CN_HHCH_CCUS_i,ELC62PP-NURPWR1E,원자력,4844.362109,4940.383244,2869.56392,1183.325328,,,,,,
OSP_CN_HHCH_CCUS_i,ELC63PP-EUROPR1E,원자력,1264.182383,1242.304037,1242.304037,,,,,,,
OSP_CN_HHCH_CCUS_i,ELC64PP-GHY1E,기타재생,194.7519956,238.4408073,238.4408073,238.4408073,238.4408073,238.4408073,238.4408073,238.4408073,238.4408073,238.4408073
OSP_CN_HHCH_CCUS_i,ELC65PP-PHY1E,양수,,360,360,360,360,360,442.80486,360,360,360
OSP_CN_HHCH_CCUS_i,ELC65PP-PHY1N,양수,,,,38.29787234,137.8723404,137.8723404,169.58484,137.8723404,137.8723404,137.8723404
OSP_CN_HHCH_CCUS_i,ELC66PP-SHY04MW1E,기타재생,0.634121242,0.535134384,0.535134384,0.535134384,0.535134384,0.535134384,0.535134384,0.535134384,0.535134384,0.535134384
OSP_CN_HHCH_CCUS_i,ELC66PP-SHY3MW1E,기타재생,13.03374741,7.951192494,7.951192494,7.951192494,7.951192494,7.951192494,7.951192494,7.951192494,7.951192494,7.951192494
OSP_CN_HHCH_CCUS_i,ELC66PP-SHY3MW1N,기타재생,,3.31632576,13.11456096,26.68134816,43.7152032,43.7152032,43.7152032,43.7152032,43.7152032,43.7152032
OSP_CN_HHCH_CCUS_i,ELC82PP-SPV1E,태양광,593.2285051,593.2285051,593.2285051,593.2285051,593.2285051,,,,,
OSP_CN_HHCH_CCUS_i,ELC82PP-SPV1N,태양광,,1085.605097,3089.474609,7346.032163,10396.73431,19386.92503,36259.50657,43241.39474,43241.39474,43241.39474
OSP_CN_HHCH_CCUS_i,ELC83PP-BMS1E,기타재생,320.678149,320.678149,320.678149,320.678149,320.678149,320.678149,320.678149,320.678149,320.678149,320.678149
OSP_CN_HHCH_CCUS_i,ELC83PP-BMS1N,기타재생,,433.032251,531.014603,591.311435,742.053515,742.053515,742.053515,742.053515,742.053515,742.053515
OSP_CN_HHCH_CCUS_i,ELC83PP-BMSLFG1E,기타재생,,,,,,,33.59843312,45.21934882,45.29825832,45.29825832
OSP_CN_HHCH_CCUS_i,ELC83PP-BMSLFG1N,기타재생,51.97285434,51.97285434,51.97285434,51.97285434,51.97285434,51.97285434,51.97285434,51.97285434,51.97285434,51.97285434
OSP_CN_HHCH_CCUS_i,ELC89PP-WND1E,풍력,185.9827939,197.719584,217.2809008,236.8422176,236.8422176,,,,,
OSP_CN_HHCH_CCUS_i,ELC89PP-WND1N,풍력,,27.66851292,906.8108778,1151.240951,4679.048742,4595.151529,4564.313896,4679.048742,4679.048742,4679.048742
OSP_CN_HHCH_CCUS_i,ELC89PP-WNDOFF1N,해상풍력,,79.7504196,525.8429942,2066.579861,2066.579861,2025.629945,2015.905304,5077.08524,6690.167161,6594.636583
OSP_CN_HHCH_CCUS_i,ELC90PP-MSW1E,기타재생,59.08136841,127.5452858,127.5452858,127.5452858,127.5452858,127.5452858,127.5452858,127.5452858,127.5452858,127.5452858
OSP_CN_HHCH_CCUS_i,ELC90PP-MSWOFF1E,기타재생,803.8383498,653.8588462,653.8588462,653.8588462,653.8588462,653.8588462,653.8588462,653.8588462,653.8588462,653.8588462
OSP_CN_HHCH_CCUS_i,ELC92PP-OCE1E,기타재생,42.11363929,42.09548046,42.09548046,42.09548046,42.09548046,42.09548046,42.09548046,42.09548046,42.09548046,42.09548046
OSP_CN_HHCH_CCUS_i,ELC92PP-OCE1N,기타재생,,0.165816288,0.165816288,0.165816288,0.165816288,0.165816288,0.165816288,0.165816288,0.165816288,0.165816288
OSP_CN_HHCH_CCUS_i,ELC93PP-HDGMCFC1E,신에너지,122.8246468,175.4637811,175.4637811,175.4637811,148.1090676,122.8246468,143.4907148,164.0966926,163.6209774,164.5724077
OSP_CN_HHCH_CCUS_i,ELC93PP-HDGMCFC1N,신에너지,,174.2578445,789.2855309,1392.253851,2087.377815,3253.797945,3784.982314,18729.62481,19091.59254,19265.30003
OSP_CN_HHCH_CCUS_i,ELC93PP-HDGSOFC1N,신에너지,,,,322.1051567,322.1051567,322.1051567,322.1051567,,,
OSP_CN_HHCH_CCUS_i,ELC99PP-LIB1N,ESS,,,,41.25449846,60.06066402,1202.562132,10973.8869,10671.80868,10663.8916,10556.92735
OSP_CN_HHCH_CCUS_i,ELCHHT12ANK-CHP1E-I,석탄,215.4136292,448.7783941,448.7783941,448.7783941,,,,,,
OSP_CN_HHCH_CCUS_i,ELCHHT46PEC-CHP1E-I,석유,9.318914636,19.41440549,19.41440549,,,,,,,
OSP_CN_HHCH_CCUS_i,ELCHHT47OPP-CHP1E-I,석유,29.7868327,62.05590146,62.05590146,,,,,,,
OSP_CN_HHCH_CCUS_i,ELCHLT27BKC-CHP1E-R,석유,237.9710271,83.28985949,83.28985949,83.28985949,,,,,,
OSP_CN_HHCH_CCUS_i,ELCHLT51NGL-CHP1E-R,천연가스CC,219.3495379,434.0307055,681.6777643,666.3836467,,,,,,
OSP_CN_HHCH_CCUS_i,ELCHLT51NGL-CHP1N-R,천연가스CC,,,,,638.4970356,512.6146826,359.6735062,,,
OSP_CN_HHCH_CCUS_j,ELC-CHP-OUT,Dummy,711.8399415,1047.569266,1295.216325,1198.4519,638.4970356,512.6146826,359.6735062,,,
OSP_CN_HHCH_CCUS_j,ELC-REN-SPV-OUT,Dummy,593.2285051,1678.833602,3682.703114,7741.858743,10407.41528,17318.87963,32542.10537,33096.31582,33142.42606,33043.486
OSP_CN_HHCH_CCUS_j,ELC-REN-WND-OUT,Dummy,185.9827939,305.1385165,1649.934773,3323.172367,6552.076395,6601.657578,6470.492152,11035.90977,12045.4149,11963.33226
OSP_CN_HHCH_CCUS_j,ELC11PP-ANS1E,석탄,380.8656189,256.261536,256.261536,,,,,,,
OSP_CN_HHCH_CCUS_j,ELC14PP-BSCTP1E,석탄,19763.51139,19668.13573,15046.68569,10458.97174,4923.689221,,,,,
OSP_CN_HHCH_CCUS_j,ELC14PP-BSCTP1N,석탄,,,3662.830782,1531.937094,,,,,,
OSP_CN_HHCH_CCUS_j,ELC14PP-IGCC1E,신에너지,110.6244759,200.9950426,200.9950426,,200.9950426,,,,,
OSP_CN_HHCH_CCUS_j,ELC51NGL-NGLCCwCHP1E,천연가스CC,1827.647546,1827.647546,1827.647546,1827.647546,1827.647546,1827.647546,1827.647546,,,
OSP_CN_HHCH_CCUS_j,ELC51PP-NGLCC1E,천연가스CC,2574.579577,1947.5624,1100.065446,6748.941389,11042.25706,11662.95452,3767.293863,,,
OSP_CN_HHCH_CCUS_j,ELC51PP-NGLCC1N,천연가스CC,,100.8170368,52.05577772,,340.7830629,1252.231237,87.59569712,,,
OSP_CN_HHCH_CCUS_j,ELC51PP-NGLCCCC1N,천연가스CC+CCS,,,,,,89.91524421,,,,
OSP_CN_HHCH_CCUS_j,ELC62PP-NURAPR1N,원자력,,828.3277296,4141.638648,4141.638648,4141.638648,4141.638648,4141.638648,4141.638648,4141.638648,4141.638648
OSP_CN_HHCH_CCUS_j,ELC62PP-NUROPR1E,원자력,6613.859645,6744.95437,6744.95437,6744.95437,6153.291706,4969.966378,2603.315722,2603.315722,828.3277296,828.3277296
OSP_CN_HHCH_CCUS_j,ELC62PP-NURPWR1E,원자력,4844.362109,4940.383244,2869.56392,1183.325328,,,,,,
OSP_CN_HHCH_CCUS_j,ELC63PP-EUROPR1E,원자력,1264.182383,1242.304037,1242.304037,,,,,,,
OSP_CN_HHCH_CCUS_j,ELC64PP-GHY1E,기타재생,194.7519956,238.4408073,238.4408073,238.4408073,238.4408073,238.4408073,238.4408073,238.4408073,238.4408073,238.4408073
OSP_CN_HHCH_CCUS_j,ELC65PP-PHY1E,양수,,360,360,360,360,360,442.80486,360,360,360
OSP_CN_HHCH_CCUS_j,ELC65PP-PHY1N,양수,,,,38.29787234,137.8723404,137.8723404,169.58484,137.8723404,137.8723404,137.8723404
OSP_CN_HHCH_CCUS_j,ELC66PP-SHY04MW1E,기타재생,0.634121242,0.535134384,0.535134384,0.535134384,0.535134384,0.535134384,0.535134384,0.535134384,0.535134384,0.535134384
OSP_CN_HHCH_CCUS_j,ELC66PP-SHY3MW1E,기타재생,13.03374741,7.951192494,7.951192494,7.951192494,7.951192494,7.951192494,7.951192494,7.951192494,7.951192494,7.951192494
OSP_CN_HHCH_CCUS_j,ELC66PP-SHY3MW1N,기타재생,,3.31632576,13.11456096,26.68134816,43.7152032,43.7152032,43.7152032,43.7152032,43.7152032,43.7152032
OSP_CN_HHCH_CCUS_j,ELC82PP-SPV1E,태양광,593.2285051,593.2285051,593.2285051,593.2285051,593.2285051,,,,,
OSP_CN_HHCH_CCUS_j,ELC82PP-SPV1N,태양광,,1085.605097,3089.474609,7343.591729,10383.40263,19440.62622,35839.84407,43241.39474,43241.39474,43241.39474
OSP_CN_HHCH_CCUS_j,ELC83PP-BMS1E,기타재생,320.678149,320.678149,320.678149,320.678149,320.678149,320.678149,320.678149,320.678149,320.678149,320.678149
OSP_CN_HHCH_CCUS_j,ELC83PP-BMS1N,기타재생,,433.032251,531.014603,591.311435,742.053515,742.053515,742.053515,742.053515,742.053515,742.053515
OSP_CN_HHCH_CCUS_j,ELC83PP-BMSLFG1E,기타재생,,,,,,,33.45604174,45.29825832,51.97285434,45.29825832
OSP_CN_HHCH_CCUS_j,ELC83PP-BMSLFG1N,기타재생,51.97285434,51.97285434,51.97285434,51.97285434,51.97285434,51.97285434,51.97285434,51.97285434,51.97285434,51.97285434
OSP_CN_HHCH_CCUS_j,ELC89PP-WND1E,풍력,185.9827939,197.719584,217.2809008,236.8422176,236.8422176,,,,,
OSP_CN_HHCH_CCUS_j,ELC89PP-WND1N,풍력,,27.66851292,906.8108778,1151.240951,4679.048742,4595.380688,4568.113189,4679.048742,4679.048742,4679.048742
OSP_CN_HHCH_CCUS_j,ELC89PP-WNDOFF1N,해상풍력,,79.7504196,525.8429942,2066.579861,2066.579861,2025.629945,2015.905304,6579.955414,7993.374934,7897.844355
OSP_CN_HHCH_CCUS_j,ELC90PP-MSW1E,기타재생,59.08136841,127.5452858,127.5452858,127.5452858,127.5452858,127.5452858,127.5452858,127.5452858,127.5452858,127.5452858
OSP_CN_HHCH_CCUS_j,ELC90PP-MSWOFF1E,기타재생,803.8383498,653.8588462,653.8588462,653.8588462,653.8588462,653.8588462,653.8588462,653.8588462,653.8588462,653.8588462
OSP_CN_HHCH_CCUS_j,ELC92PP-OCE1E,기타재생,42.11363929,42.09548046,42.09548046,42.09548046,42.09548046,42.09548046,42.09548046,42.09548046,42.09548046,42.09548046
OSP_CN_HHCH_CCUS_j,ELC92PP-OCE1N,기타재생,,0.165816288,0.165816288,0.165816288,0.165816288,0.165816288,0.165816288,0.165816288,0.165816288,0.165816288
OSP_CN_HHCH_CCUS_j,ELC93PP-HDGMCFC1E,신에너지,122.8246468,175.4637811,175.4637811,175.4637811,147.2964361,122.8246468,143.4907148,166.77572,166.77572,166.77572
OSP_CN_HHCH_CCUS_j,ELC93PP-HDGMCFC1N,신에너지,,174.2578445,789.2855309,1392.253851,2084.97653,3253.797945,4534.753153,17814.99827,18586.88914,18771.32131
OSP_CN_HHCH_CCUS_j,ELC93PP-HDGSOFC1N,신에너지,,,,321.6036502,321.6036502,321.6036502,321.6036502,,,
OSP_CN_HHCH_CCUS_j,ELC99PP-LIB1N,ESS,,,,41.26154792,60.04782735,1289.260105,10667.51153,10380.22044,10307.73289,10186.87889
OSP_CN_HHCH_CCUS_j,ELCHHT12ANK-CHP1E-I,석탄,215.4136292,448.7783941,448.7783941,448.7783941,,,,,,
OSP_CN_HHCH_CCUS_j,ELCHHT46PEC-CHP1E-I,석유,9.318914636,19.41440549,19.41440549,,,,,,,
OSP_CN_HHCH_CCUS_j,ELCHHT47OPP-CHP1E-I,석유,29.7868327,62.05590146,62.05590146,,,,,,,
OSP_CN_HHCH_CCUS_j,ELCHLT27BKC-CHP1E-R,석유,237.9710271,83.28985949,83.28985949,83.28985949,,,,,,
OSP_CN_HHCH_CCUS_j,ELCHLT51NGL-CHP1E-R,천연가스CC,219.3495379,434.0307055,681.6777643,666.3836467,,,,,,
OSP_CN_HHCH_CCUS_j,ELCHLT51NGL-CHP1N-R,천연가스CC,,,,,638.4970356,512.6146826,359.6735062,,,
OSP_CN_HHCH_CCUS_k,ELC-CHP-OUT,Dummy,711.8399415,1047.569266,1295.216325,1198.4519,638.4970356,512.6146826,359.6735062,,,
OSP_CN_HHCH_CCUS_k,ELC-REN-SPV-OUT,Dummy,593.2285051,1678.833602,3682.703114,7746.648957,10386.92381,17331.29393,30650.74312,30705.23778,30773.06768,30252.29348
OSP_CN_HHCH_CCUS_k,ELC-REN-WND-OUT,Dummy,185.9827939,305.1385165,1649.934773,3315.999442,6559.916864,6601.657578,6484.097153,11500.94376,11475.07662,11927.44238
OSP_CN_HHCH_CCUS_k,ELC11PP-ANS1E,석탄,380.8656189,256.261536,256.261536,,,,,,,
OSP_CN_HHCH_CCUS_k,ELC14PP-BSCTP1E,석탄,19763.51139,19668.13573,15046.68569,10458.97174,4901.653491,,,,,
OSP_CN_HHCH_CCUS_k,ELC14PP-BSCTP1N,석탄,,,3662.830782,1527.831855,,,,,,
OSP_CN_HHCH_CCUS_k,ELC14PP-IGCC1E,신에너지,110.6244759,200.9950426,200.9950426,,200.9950426,,,,,
OSP_CN_HHCH_CCUS_k,ELC51NGL-NGLCCwCHP1E,천연가스CC,1827.647546,1827.647546,1827.647546,1827.647546,1827.647546,1827.647546,1827.647546,,,
OSP_CN_HHCH_CCUS_k,ELC51PP-NGLCC1E,천연가스CC,2574.579577,1951.991585,1100.99698,6743.518004,11022.33597,11510.26426,2741.265985,,,
OSP_CN_HHCH_CCUS_k,ELC51PP-NGLCC1N,천연가스CC,,96.38785199,51.12424332,,336.9163356,773.083413,,,,
OSP_CN_HHCH_CCUS_k,ELC51PP-NGLCCCC1N,천연가스CC+CCS,,,,,,467.2846264,,,,
OSP_CN_HHCH_CCUS_k,ELC62PP-NURAPR1N,원자력,,828.3277296,4141.638648,4141.638648,4141.638648,4141.638648,4141.638648,4141.638648,4141.638648,4141.638648
OSP_CN_HHCH_CCUS_k,ELC62PP-NUROPR1E,원자력,6613.859645,6744.95437,6744.95437,6744.95437,6153.291706,4969.966378,2603.315722,2603.315722,828.3277296,828.3277296
OSP_CN_HHCH_CCUS_k,ELC62PP-NURPWR1E,원자력,4844.362109,4940.383244,2869.56392,1183.325328,,,,,,
OSP_CN_HHCH_CCUS_k,ELC63PP-EUROPR1E,원자력,1264.182383,1242.304037,1242.304037,,,,,,,
OSP_CN_HHCH_CCUS_k,ELC64PP-GHY1E,기타재생,194.7519956,238.4408073,238.4408073,238.4408073,238.4408073,238.4408073,238.4408073,238.4408073,238.4408073,238.4408073
OSP_CN_HHCH_CCUS_k,ELC65PP-PHY1E,양수,,360,360,360,360,360,442.80486,360,360,360
OSP_CN_HHCH_CCUS_k,ELC65PP-PHY1N,양수,,,,38.29787234,137.8723404,137.8723404,169.58484,137.8723404,137.8723404,137.8723404
OSP_CN_HHCH_CCUS_k,ELC66PP-SHY04MW1E,기타재생,0.634121242,0.535134384,0.535134384,0.535134384,0.535134384,0.535134384,0.535134384,0.535134384,0.535134384,0.535134384
OSP_CN_HHCH_CCUS_k,ELC66PP-SHY3MW1E,기타재생,13.03374741,7.951192494,7.951192494,7.951192494,7.951192494,7.951192494,7.951192494,7.951192494,7.951192494,7.951192494
OSP_CN_HHCH_CCUS_k,ELC66PP-SHY3MW1N,기타재생,,3.31632576,13.11456096,26.68134816,43.7152032,43.7152032,43.7152032,43.7152032,43.7152032,43.7152032
OSP_CN_HHCH_CCUS_k,ELC82PP-SPV1E,태양광,593.2285051,593.2285051,593.2285051,593.2285051,593.2285051,,,,,
OSP_CN_HHCH_CCUS_k,ELC82PP-SPV1N,태양광,,1085.605097,3089.474609,7341.151296,10370.07094,19522.59473,34143.58708,43241.39474,43241.39474,43241.39474
OSP_CN_HHCH_CCUS_k,ELC83PP-BMS1E,기타재생,320.678149,320.678149,320.678149,320.678149,320.678149,320.678149,320.678149,320.678149,320.678149,320.678149
OSP_CN_HHCH_CCUS_k,ELC83PP-BMS1N,기타재생,,433.032251,531.014603,591.311435,742.053515,742.053515,742.053515,742.053515,742.053515,742.053515
OSP_CN_HHCH_CCUS_k,ELC83PP-BMSLFG1E,기타재생,,,,,,,32.72035293,45.29825832,51.97285434,45.29825832
OSP_CN_HHCH_CCUS_k,ELC83PP-BMSLFG1N,기타재생,51.97285434,51.97285434,51.97285434,51.97285434,51.97285434,51.97285434,51.97285434,51.97285434,51.97285434,51.97285434
OSP_CN_HHCH_CCUS_k,ELC89PP-WND1E,풍력,185.9827939,197.719584,217.2809008,236.8422176,236.8422176,,,,,
OSP_CN_HHCH_CCUS_k,ELC89PP-WND1N,풍력,,27.66851292,906.8108778,1151.240951,4679.048742,4586.331951,4585.867866,4679.048742,4679.048742,4679.048742
OSP_CN_HHCH_CCUS_k,ELC89PP-WNDOFF1N,해상풍력,,79.7504196,525.8429942,2066.579861,2066.579861,2025.629945,2015.905304,7052.13816,7993.374934,7897.844355
OSP_CN_HHCH_CCUS_k,ELC90PP-MSW1E,기타재생,59.08136841,127.5452858,127.5452858,127.5452858,127.5452858,127.5452858,127.5452858,127.5452858,127.5452858,127.5452858
OSP_CN_HHCH_CCUS_k,ELC90PP-MSWOFF1E,기타재생,803.8383498,653.8588462,653.8588462,653.8588462,653.8588462,653.8588462,653.8588462,653.8588462,653.8588462,653.8588462
OSP_CN_HHCH_CCUS_k,ELC92PP-OCE1E,기타재생,42.11363929,42.09548046,42.09548046,42.09548046,42.09548046,42.09548046,42.09548046,42.09548046,42.09548046,42.09548046
OSP_CN_HHCH_CCUS_k,ELC92PP-OCE1N,기타재생,,0.165816288,0.165816288,0.165816288,0.165816288,0.165816288,0.165816288,0.165816288,0.165816288,0.165816288
OSP_CN_HHCH_CCUS_k,ELC93PP-HDGMCFC1E,신에너지,122.8246468,175.4637811,175.4637811,175.4637811,145.5438013,122.8246468,141.7881553,165.6490262,166.500306,165.6991015
OSP_CN_HHCH_CCUS_k,ELC93PP-HDGMCFC1N,신에너지,,174.2578445,789.2855309,1392.253851,2083.515249,3253.797945,6905.751458,18772.02077,20711.17331,20653.46392
OSP_CN_HHCH_CCUS_k,ELC93PP-HDGSOFC1N,신에너지,,,,321.1021437,321.1021437,321.1021437,321.1021437,,,
OSP_CN_HHCH_CCUS_k,ELC99PP-LIB1N,ESS,,,,41.26859737,60.03499067,1441.00364,9201.908541,8890.372733,9094.071426,8331.721569
OSP_CN_HHCH_CCUS_k,ELCHHT12ANK-CHP1E-I,석탄,215.4136292,448.7783941,448.7783941,448.7783941,,,,,,
OSP_CN_HHCH_CCUS_k,ELCHHT46PEC-CHP1E-I,석유,9.318914636,19.41440549,19.41440549,,,,,,,
OSP_CN_HHCH_CCUS_k,ELCHHT47OPP-CHP1E-I,석유,29.7868327,62.05590146,62.05590146,,,,,,,
OSP_CN_HHCH_CCUS_k,ELCHLT27BKC-CHP1E-R,석유,237.9710271,83.28985949,83.28985949,83.28985949,,,,,,
OSP_CN_HHCH_CCUS_k,ELCHLT51NGL-CHP1E-R,천연가스CC,219.3495379,434.0307055,681.6777643,666.3836467,,,,,,
OSP_CN_HHCH_CCUS_k,ELCHLT51NGL-CHP1N-R,천연가스CC,,,,,638.4970356,512.6146826,359.6735062,,,
